Date,SP500,Dividend,Earnings,Consumer Price Index,Long Interest Rate,Real Price,Real Dividend,Real Earnings,PE10
1/1/00,6.1,0.22,0.48,7.9,3.15,185.73,6.62,14.62,18.67
2/1/00,6.21,0.23,0.48,7.99,3.15,186.83,6.77,14.44,18.7
3/1/00,6.26,0.23,0.48,7.99,3.14,188.34,6.99,14.44,18.78
4/1/00,6.34,0.24,0.48,7.99,3.14,190.74,7.22,14.44,18.94
5/1/00,6.04,0.25,0.48,7.8,3.13,186.15,7.63,14.79,18.4
6/1/00,5.86,0.26,0.48,7.71,3.13,182.83,7.96,14.98,17.99
7/1/00,5.86,0.26,0.48,7.8,3.13,180.6,8.09,14.79,17.69
8/1/00,5.94,0.27,0.48,7.71,3.12,185.33,8.42,14.98,18.07
9/1/00,5.8,0.28,0.48,7.8,3.12,178.75,8.55,14.79,17.34
10/1/00,6.01,0.28,0.48,7.71,3.11,187.51,8.89,14.98,18.1
11/1/00,6.48,0.29,0.48,7.71,3.11,202.18,9.13,14.98,19.42
12/1/00,6.87,0.3,0.48,7.61,3.1,217.02,9.48,15.16,20.74
1/1/01,7.07,0.3,0.48,7.71,3.1,220.58,9.41,15.03,20.98
2/1/01,7.25,0.3,0.48,7.61,3.11,229.03,9.58,15.27,21.68
3/1/01,7.51,0.3,0.48,7.61,3.11,237.24,9.63,15.32,22.35
4/1/01,8.14,0.31,0.49,7.52,3.12,260.4,9.81,15.57,24.41
5/1/01,7.73,0.31,0.49,7.52,3.13,247.28,9.86,15.62,23.06
6/1/01,8.5,0.31,0.49,7.52,3.13,271.91,9.92,15.68,25.24
7/1/01,7.93,0.31,0.49,7.61,3.14,250.51,9.85,15.53,23.14
8/1/01,8.04,0.31,0.49,7.71,3.15,250.85,9.77,15.39,23.08
9/1/01,8,0.32,0.49,7.8,3.15,246.56,9.71,15.26,22.59
10/1/01,7.91,0.32,0.5,7.8,3.16,243.78,9.76,15.31,22.25
11/1/01,8.08,0.32,0.5,7.9,3.17,246.02,9.69,15.17,22.38
12/1/01,7.95,0.32,0.5,7.99,3.17,239.18,9.63,15.04,21.68
1/1/02,8.12,0.32,0.51,7.9,3.18,247.24,9.77,15.55,22.34
2/1/02,8.19,0.32,0.52,7.9,3.19,249.37,9.8,15.88,22.46
3/1/02,8.2,0.32,0.53,7.9,3.2,249.67,9.82,16.21,22.41
4/1/02,8.48,0.32,0.54,7.99,3.21,255.13,9.73,16.35,22.82
5/1/02,8.46,0.32,0.55,8.09,3.22,251.53,9.64,16.48,22.43
6/1/02,8.41,0.33,0.56,8.18,3.23,247.14,9.55,16.6,21.96
7/1/02,8.6,0.33,0.58,8.18,3.24,252.72,9.57,16.92,22.39
8/1/02,8.83,0.33,0.59,8.09,3.25,262.53,9.71,17.44,23.17
9/1/02,8.85,0.33,0.6,8.18,3.26,260.07,9.62,17.56,22.86
10/1/02,8.57,0.33,0.61,8.75,3.27,235.41,9.02,16.71,20.6
11/1/02,8.24,0.33,0.62,8.47,3.28,233.98,9.35,17.58,20.41
12/1/02,8.05,0.33,0.63,8.56,3.29,226.04,9.27,17.69,19.63
1/1/03,8.46,0.33,0.62,8.66,3.3,234.95,9.21,17.27,20.32
2/1/03,8.41,0.33,0.61,8.66,3.31,233.56,9.26,17.03,20.11
3/1/03,8.08,0.34,0.6,8.37,3.32,232.04,9.62,17.37,19.88
4/1/03,7.75,0.34,0.6,8.37,3.33,222.56,9.67,17.14,18.98
5/1/03,7.6,0.34,0.59,8.18,3.33,223.33,9.94,17.29,18.95
6/1/03,7.18,0.34,0.58,8.18,3.34,210.99,9.99,17.04,17.82
7/1/03,6.85,0.34,0.57,8.18,3.35,201.29,10.04,16.8,16.92
8/1/03,6.63,0.34,0.56,8.18,3.36,194.83,10.09,16.55,16.3
9/1/03,6.47,0.34,0.56,8.28,3.37,187.94,10.02,16.12,15.65
10/1/03,6.26,0.35,0.55,8.18,3.37,183.96,10.19,16.07,15.25
11/1/03,6.28,0.35,0.54,8.09,3.38,186.72,10.36,16,15.41
12/1/03,6.57,0.35,0.53,8.09,3.39,195.34,10.41,15.76,16.04
1/1/04,6.68,0.35,0.53,8.28,3.4,194.04,10.07,15.3,15.86
2/1/04,6.5,0.34,0.52,8.47,3.41,184.57,9.75,14.86,15.02
3/1/04,6.48,0.34,0.52,8.37,3.41,186.09,9.76,14.93,15.08
4/1/04,6.64,0.34,0.52,8.28,3.42,192.88,9.78,15.01,15.57
5/1/04,6.5,0.33,0.51,8.09,3.43,193.26,9.91,15.26,15.53
6/1/04,6.51,0.33,0.51,8.09,3.43,193.55,9.81,15.16,15.47
7/1/04,6.78,0.33,0.51,8.09,3.44,201.58,9.71,15.07,16.04
8/1/04,7.01,0.32,0.5,8.18,3.45,206,9.5,14.79,16.3
9/1/04,7.32,0.32,0.5,8.28,3.45,212.63,9.3,14.52,16.74
10/1/04,7.75,0.32,0.5,8.28,3.46,225.12,9.2,14.43,17.63
11/1/04,8.17,0.31,0.49,8.47,3.47,231.99,8.9,14.01,18.08
12/1/04,8.25,0.31,0.49,8.47,3.47,234.26,8.8,13.91,18.16
1/1/05,8.43,0.31,0.51,8.47,3.48,239.37,8.85,14.34,18.46
2/1/05,8.8,0.31,0.52,8.47,3.48,249.88,8.9,14.77,19.17
3/1/05,9.05,0.32,0.54,8.37,3.47,259.9,9.05,15.36,19.83
4/1/05,8.94,0.32,0.55,8.37,3.47,256.74,9.09,15.79,19.48
5/1/05,8.5,0.32,0.56,8.28,3.46,246.91,9.25,16.41,18.63
6/1/05,8.6,0.32,0.58,8.28,3.46,249.81,9.3,16.85,18.74
7/1/05,8.87,0.32,0.59,8.28,3.46,257.66,9.34,17.28,19.21
8/1/05,9.2,0.32,0.61,8.37,3.45,264.21,9.28,17.52,19.57
9/1/05,9.23,0.33,0.63,8.28,3.45,268.11,9.44,18.16,19.74
10/1/05,9.36,0.33,0.64,8.28,3.44,271.89,9.49,18.59,19.9
11/1/05,9.31,0.33,0.66,8.37,3.44,267.36,9.43,18.81,19.44
12/1/05,9.54,0.33,0.67,8.47,3.43,270.89,9.37,19.03,19.58
1/1/06,9.87,0.34,0.68,8.47,3.43,280.26,9.54,19.24,20.13
2/1/06,9.8,0.34,0.69,8.47,3.45,278.28,9.7,19.45,19.87
3/1/06,9.56,0.35,0.69,8.47,3.47,271.46,9.87,19.66,19.26
4/1/06,9.43,0.35,0.7,8.47,3.49,267.77,10.03,19.88,18.88
5/1/06,9.18,0.36,0.71,8.56,3.51,257.77,10.09,19.87,18.05
6/1/06,9.3,0.36,0.71,8.56,3.53,261.14,10.25,20.08,18.17
7/1/06,9.06,0.37,0.72,8.28,3.55,263.18,10.77,20.99,18.2
8/1/06,9.73,0.38,0.73,8.47,3.57,276.29,10.7,20.73,18.97
9/1/06,10.03,0.38,0.74,8.56,3.59,281.64,10.74,20.71,19.2
10/1/06,9.73,0.39,0.74,8.75,3.61,267.28,10.67,20.46,18.1
11/1/06,9.93,0.39,0.75,8.85,3.63,269.84,10.71,20.45,18.14
12/1/06,9.84,0.4,0.76,8.94,3.65,264.55,10.75,20.43,17.66
1/1/07,9.56,0.4,0.75,8.85,3.67,259.79,10.96,20.43,17.22
2/1/07,9.26,0.41,0.74,9.04,3.69,246.33,10.82,19.77,16.22
3/1/07,8.35,0.41,0.73,8.94,3.7,224.49,11.02,19.76,14.69
4/1/07,8.39,0.41,0.73,8.94,3.72,225.57,11.11,19.54,14.67
5/1/07,8.1,0.42,0.72,9.13,3.74,213.23,10.97,18.91,13.79
6/1/07,7.84,0.42,0.71,9.23,3.75,204.26,10.94,18.5,13.14
7/1/07,8.14,0.42,0.7,9.23,3.77,212.08,11.03,18.28,13.59
8/1/07,7.53,0.43,0.69,9.23,3.79,196.18,11.12,18.06,12.51
9/1/07,7.45,0.43,0.69,9.23,3.8,194.1,11.2,17.85,12.33
10/1/07,6.64,0.43,0.68,9.32,3.82,171.23,11.17,17.45,10.83
11/1/07,6.25,0.44,0.67,8.94,3.84,168.03,11.74,17.97,10.59
12/1/07,6.57,0.44,0.66,8.75,3.85,180.47,12.09,18.13,11.33
1/1/08,6.85,0.44,0.65,8.66,3.87,190.23,12.13,18.14,11.9
2/1/08,6.6,0.43,0.65,8.56,3.86,185.33,12.17,18.16,11.55
3/1/08,6.87,0.43,0.64,8.56,3.85,192.91,12.07,17.97,11.98
4/1/08,7.24,0.43,0.63,8.66,3.84,201.06,11.85,17.59,12.45
5/1/08,7.63,0.42,0.63,8.66,3.83,211.9,11.76,17.4,13.08
6/1/08,7.64,0.42,0.62,8.66,3.82,212.17,11.66,17.22,13.05
7/1/08,7.92,0.42,0.61,8.75,3.81,217.56,11.45,16.85,13.35
8/1/08,8.26,0.41,0.61,8.75,3.81,226.9,11.35,16.67,13.88
9/1/08,8.17,0.41,0.6,8.75,3.8,224.43,11.26,16.48,13.7
10/1/08,8.27,0.41,0.59,8.85,3.79,224.73,11.05,16.12,13.69
11/1/08,8.83,0.4,0.59,8.94,3.78,237.4,10.84,15.77,14.44
12/1/08,9.03,0.4,0.58,9.04,3.77,240.22,10.64,15.43,14.58
1/1/09,9.06,0.4,0.59,8.94,3.76,243.58,10.84,16,14.76
2/1/09,8.8,0.41,0.61,9.04,3.77,234.1,10.82,16.23,14.17
3/1/09,8.92,0.41,0.63,9.04,3.78,237.29,10.91,16.63,14.34
4/1/09,9.32,0.41,0.64,9.23,3.8,242.82,10.77,16.67,14.65
5/1/09,9.63,0.42,0.66,9.32,3.81,248.34,10.75,16.89,14.95
6/1/09,9.8,0.42,0.67,9.42,3.82,250.17,10.72,17.1,15.04
7/1/09,9.94,0.42,0.69,9.42,3.83,253.74,10.81,17.49,15.23
8/1/09,10.18,0.43,0.7,9.51,3.85,257.27,10.78,17.69,15.42
9/1/09,10.19,0.43,0.71,9.61,3.86,254.97,10.76,17.89,15.25
10/1/09,10.23,0.43,0.73,9.8,3.87,251,10.63,17.91,14.99
11/1/09,10.18,0.44,0.74,9.9,3.88,247.37,10.61,18.1,14.75
12/1/09,10.3,0.44,0.76,9.99,3.9,247.9,10.59,18.29,14.75
1/1/10,10.08,0.44,0.76,9.9,3.91,244.94,10.75,18.41,14.55
2/1/10,9.72,0.45,0.76,9.9,3.92,236.2,10.81,18.35,14.0
3/1/10,9.96,0.45,0.75,10.09,3.92,237.46,10.67,17.94,14.05
4/1/10,9.72,0.45,0.75,10.18,3.93,229.57,10.63,17.71,13.56
5/1/10,9.56,0.45,0.75,9.99,3.93,230.09,10.89,17.99,13.57
6/1/10,9.1,0.46,0.74,9.9,3.94,221.13,11.06,18.1,13.02
7/1/10,8.64,0.46,0.74,9.9,3.95,209.95,11.12,18.04,12.34
8/1/10,8.85,0.46,0.74,9.8,3.95,217.14,11.29,18.16,12.75
9/1/10,8.91,0.46,0.74,9.7,3.96,220.76,11.46,18.27,12.94
10/1/10,9.32,0.47,0.73,9.42,3.96,237.91,11.87,18.76,13.92
11/1/10,9.31,0.47,0.73,9.23,3.97,242.56,12.18,19.08,14.16
12/1/10,9.05,0.47,0.73,9.23,3.97,235.79,12.25,19.02,13.74
1/1/11,9.27,0.47,0.72,9.23,3.98,241.52,12.25,18.71,14.05
2/1/11,9.43,0.47,0.71,8.94,3.98,253.53,12.64,19,14.72
3/1/11,9.32,0.47,0.69,9.04,3.98,247.93,12.5,18.49,14.37
4/1/11,9.28,0.47,0.68,8.75,3.99,254.92,12.91,18.77,14.75
5/1/11,9.48,0.47,0.67,8.75,3.99,260.41,12.91,18.45,15.05
6/1/11,9.67,0.47,0.66,8.75,3.99,265.63,12.91,18.13,15.33
7/1/11,9.63,0.47,0.65,8.85,4,261.69,12.77,17.62,15.08
8/1/11,9.17,0.47,0.64,9.13,4,241.4,12.37,16.76,13.9
9/1/11,8.67,0.47,0.63,9.23,4,225.89,12.25,16.28,13.0
10/1/11,8.72,0.47,0.61,9.23,4,227.19,12.25,15.98,13.07
11/1/11,9.07,0.47,0.6,9.13,4,238.77,12.37,15.84,13.73
12/1/11,9.11,0.47,0.59,9.04,4.01,242.34,12.5,15.7,13.93
1/1/12,9.12,0.47,0.6,9.13,4.01,240.08,12.39,15.77,13.79
2/1/12,9.04,0.47,0.61,9.23,4.05,235.53,12.29,15.85,13.53
3/1/12,9.3,0.47,0.62,9.42,4.08,237.4,12.06,15.76,13.64
4/1/12,9.59,0.47,0.63,9.7,4.12,237.61,11.73,15.53,13.65
5/1/12,9.58,0.47,0.64,9.7,4.16,237.36,11.75,15.75,13.65
6/1/12,9.58,0.47,0.65,9.61,4.19,239.71,11.89,16.14,13.79
7/1/12,9.59,0.48,0.65,9.61,4.23,239.96,11.91,16.37,13.8
8/1/12,9.81,0.48,0.66,9.7,4.27,243.06,11.81,16.43,13.98
9/1/12,9.86,0.48,0.67,9.8,4.3,241.92,11.72,16.5,13.93
10/1/12,9.84,0.48,0.68,9.8,4.34,241.43,11.74,16.73,13.91
11/1/12,9.73,0.48,0.69,9.8,4.38,238.73,11.76,16.95,13.75
12/1/12,9.38,0.48,0.7,9.7,4.41,232.4,11.89,17.34,13.39
1/1/13,9.3,0.48,0.69,9.8,4.45,228.18,11.78,17.03,13.15
2/1/13,8.97,0.48,0.69,9.8,4.43,220.09,11.78,16.89,12.68
3/1/13,8.8,0.48,0.68,9.8,4.4,215.92,11.78,16.75,12.44
4/1/13,8.79,0.48,0.68,9.8,4.38,215.67,11.78,16.6,12.43
5/1/13,8.55,0.48,0.67,9.7,4.35,211.94,11.9,16.63,12.22
6/1/13,8.12,0.48,0.67,9.8,4.33,199.23,11.78,16.32,11.49
7/1/13,8.23,0.48,0.66,9.9,4.3,199.89,11.66,16.01,11.53
8/1/13,8.45,0.48,0.65,9.9,4.28,205.23,11.66,15.87,11.85
9/1/13,8.53,0.48,0.65,10,4.26,205.11,11.54,15.57,11.84
10/1/13,8.26,0.48,0.64,10,4.23,198.61,11.54,15.43,11.47
11/1/13,8.05,0.48,0.64,10.1,4.21,191.65,11.43,15.14,11.07
12/1/13,8.04,0.48,0.63,10,4.18,193.32,11.54,15.15,11.17
1/1/14,8.37,0.47,0.62,10,4.16,201.26,11.42,14.93,11.64
2/1/14,8.48,0.47,0.61,9.9,4.17,205.96,11.42,14.86,11.91
3/1/14,8.32,0.47,0.6,9.9,4.17,202.08,11.29,14.63,11.69
4/1/14,8.12,0.46,0.59,9.8,4.18,199.23,11.29,14.56,11.52
5/1/14,8.17,0.46,0.58,9.9,4.19,198.43,11.05,14.19,11.48
6/1/14,8.13,0.45,0.57,9.9,4.19,197.46,10.93,13.97,11.43
7/1/14,7.68,0.45,0.57,10,4.2,184.67,10.7,13.6,10.69
8/1/14,7.68,0.44,0.56,10.2,4.21,181.05,10.37,13.12,10.49
9/1/14,7.68,0.43,0.55,10.2,4.21,181.05,10.25,12.91,10.5
10/1/14,7.68,0.43,0.54,10.1,4.22,182.84,10.24,12.82,10.61
11/1/14,7.68,0.42,0.53,10.2,4.23,181.05,10.02,12.48,10.52
12/1/14,7.35,0.42,0.52,10.1,4.23,174.98,10,12.38,10.17
1/1/15,7.48,0.42,0.55,10.1,4.24,178.08,10.02,13.09,10.36
2/1/15,7.38,0.42,0.58,10,4.22,177.45,10.14,13.95,10.33
3/1/15,7.57,0.42,0.61,9.9,4.21,183.86,10.26,14.82,10.71
4/1/15,8.14,0.42,0.64,10,4.19,195.73,10.18,15.39,11.4
5/1/15,7.95,0.42,0.67,10.1,4.18,189.27,10.1,15.95,11.03
6/1/15,8.04,0.42,0.7,10.1,4.16,191.41,10.12,16.66,11.15
7/1/15,8.01,0.43,0.73,10.1,4.14,190.69,10.14,17.38,11.11
8/1/15,8.35,0.43,0.76,10.1,4.13,198.79,10.16,18.09,11.58
9/1/15,8.66,0.43,0.79,10.1,4.11,206.17,10.18,18.81,12.01
10/1/15,9.14,0.43,0.82,10.2,4.1,215.46,10.1,19.33,12.55
11/1/15,9.46,0.43,0.85,10.3,4.08,220.84,10.02,19.84,12.86
12/1/15,9.48,0.43,0.88,10.3,4.07,221.31,10.04,20.54,12.88
1/1/16,9.33,0.44,0.93,10.4,4.05,215.71,10.19,21.6,12.54
2/1/16,9.2,0.45,0.99,10.4,4.06,212.71,10.44,22.85,12.35
3/1/16,9.17,0.46,1.04,10.5,4.08,209.99,10.59,23.86,12.18
4/1/16,9.07,0.47,1.1,10.6,4.09,205.74,10.74,24.88,11.91
5/1/16,9.27,0.48,1.15,10.7,4.11,208.32,10.88,25.87,12.03
6/1/16,9.36,0.49,1.21,10.8,4.13,208.39,11.02,26.83,12.0
7/1/16,9.23,0.51,1.26,10.8,4.14,205.5,11.26,28.03,11.79
8/1/16,9.3,0.52,1.31,10.9,4.16,205.16,11.4,28.96,11.73
9/1/16,9.68,0.53,1.37,11.1,4.17,209.69,11.43,29.63,11.94
10/1/16,9.98,0.54,1.42,11.3,4.19,212.36,11.45,30.26,12.05
11/1/16,10.21,0.55,1.48,11.5,4.2,213.48,11.48,30.86,12.05
12/1/16,9.8,0.56,1.53,11.6,4.21,203.14,11.61,31.71,11.41
1/1/17,9.57,0.57,1.51,11.7,4.23,196.68,11.73,31.01,10.99
2/1/17,9.03,0.58,1.49,12,4.26,180.94,11.66,29.82,10.06
3/1/17,9.31,0.59,1.47,12,4.29,186.55,11.87,29.42,10.33
4/1/17,9.17,0.6,1.45,12.6,4.32,175,11.51,27.61,9.64
5/1/17,8.86,0.61,1.43,12.8,4.34,166.44,11.54,26.79,9.14
6/1/17,9.04,0.63,1.41,13,4.37,167.21,11.56,25.99,9.15
7/1/17,8.79,0.64,1.38,12.8,4.4,165.12,11.94,26,9.0
8/1/17,8.53,0.65,1.36,13,4.43,157.77,11.96,25.21,8.57
9/1/17,8.12,0.66,1.34,13.3,4.46,146.8,11.89,24.28,7.95
10/1/17,7.68,0.67,1.32,13.5,4.49,136.79,11.9,23.55,7.39
11/1/17,7.04,0.68,1.3,13.5,4.51,125.39,12.1,23.17,6.75
12/1/17,6.8,0.69,1.28,13.7,4.54,119.35,12.11,22.47,6.41
1/1/18,7.21,0.68,1.26,14,4.57,123.83,11.68,21.57,6.64
2/1/18,7.43,0.67,1.23,14.1,4.56,126.71,11.43,21.01,6.78
3/1/18,7.28,0.66,1.21,14,4.56,125.03,11.34,20.75,6.69
4/1/18,7.21,0.65,1.18,14.2,4.55,122.09,11.01,20.03,6.52
5/1/18,7.44,0.64,1.16,14.5,4.55,123.38,10.61,19.22,6.58
6/1/18,7.45,0.63,1.14,14.7,4.54,121.86,10.31,18.57,6.5
7/1/18,7.51,0.62,1.11,15.1,4.54,119.59,9.87,17.69,6.37
8/1/18,7.58,0.61,1.09,15.4,4.53,118.35,9.52,16.97,6.3
9/1/18,7.54,0.6,1.06,15.7,4.52,115.48,9.19,16.28,6.15
10/1/18,7.86,0.59,1.04,16,4.52,118.12,8.87,15.6,6.29
11/1/18,8.06,0.58,1.01,16.3,4.51,118.9,8.56,14.96,6.33
12/1/18,7.9,0.57,0.99,16.5,4.51,115.13,8.31,14.43,6.13
1/1/19,7.85,0.57,0.98,16.5,4.5,114.4,8.26,14.35,6.1
2/1/19,7.88,0.56,0.98,16.2,4.54,116.96,8.36,14.55,6.24
3/1/19,8.12,0.56,0.97,16.4,4.58,119.05,8.21,14.3,6.36
4/1/19,8.39,0.56,0.97,16.7,4.62,120.8,8.02,13.97,6.46
5/1/19,8.97,0.55,0.96,16.9,4.66,127.62,7.87,13.73,6.83
6/1/19,9.21,0.55,0.96,16.9,4.7,131.04,7.83,13.66,7.02
7/1/19,9.51,0.55,0.95,17.4,4.73,131.42,7.55,13.2,7.05
8/1/19,8.87,0.54,0.95,17.7,4.77,120.5,7.38,12.91,6.48
9/1/19,9.01,0.54,0.94,17.8,4.81,121.71,7.29,12.77,6.56
10/1/19,9.47,0.54,0.94,18.1,4.85,125.81,7.13,12.49,6.79
11/1/19,9.19,0.53,0.94,18.5,4.89,119.45,6.93,12.15,6.47
12/1/19,8.92,0.53,0.93,18.9,4.93,113.48,6.74,11.83,6.16
1/1/20,8.83,0.53,0.92,19.3,4.97,110.01,6.58,11.45,5.99
2/1/20,8.1,0.53,0.91,19.5,4.98,99.88,6.49,11.2,5.46
3/1/20,8.67,0.53,0.9,19.7,4.99,105.82,6.41,10.95,5.8
4/1/20,8.6,0.52,0.89,20.3,5,101.87,6.2,10.5,5.6
5/1/20,8.06,0.52,0.88,20.6,5.01,94.08,6.09,10.22,5.19
6/1/20,7.92,0.52,0.86,20.9,5.02,91.12,5.98,9.95,5.04
7/1/20,7.91,0.52,0.85,20.8,5.03,91.44,5.99,9.87,5.08
8/1/20,7.6,0.52,0.84,20.3,5.04,90.02,6.12,9.99,5.02
9/1/20,7.87,0.52,0.83,20,5.05,94.62,6.19,10.01,5.3
10/1/20,7.88,0.51,0.82,19.9,5.06,95.21,6.2,9.93,5.35
11/1/20,7.48,0.51,0.81,19.8,5.07,90.84,6.21,9.85,5.13
12/1/20,6.81,0.51,0.8,19.4,5.08,84.41,6.32,9.92,4.78
1/1/21,7.11,0.51,0.76,19,5.09,89.98,6.4,9.59,5.12
2/1/21,7.06,0.5,0.71,18.4,5.02,92.26,6.56,9.34,5.27
3/1/21,6.88,0.5,0.67,18.3,4.96,90.4,6.54,8.84,5.19
4/1/21,6.91,0.49,0.63,18.1,4.89,91.8,6.55,8.37,5.3
5/1/21,7.12,0.49,0.59,17.7,4.83,96.72,6.65,7.98,5.61
6/1/21,6.55,0.48,0.55,17.6,4.76,89.49,6.63,7.45,5.22
7/1/21,6.53,0.48,0.5,17.7,4.7,88.71,6.53,6.83,5.2
8/1/21,6.45,0.48,0.46,17.7,4.63,87.62,6.48,6.25,5.16
9/1/21,6.61,0.47,0.42,17.5,4.56,90.82,6.49,5.74,5.38
10/1/21,6.7,0.47,0.38,17.5,4.5,92.06,6.43,5.15,5.48
11/1/21,7.06,0.46,0.33,17.4,4.43,97.56,6.41,4.59,5.84
12/1/21,7.31,0.46,0.29,17.3,4.37,101.6,6.39,4.03,6.11
1/1/22,7.3,0.46,0.32,16.9,4.3,103.86,6.6,4.6,6.29
2/1/22,7.46,0.47,0.36,16.9,4.3,106.14,6.66,5.08,6.46
3/1/22,7.74,0.47,0.39,16.7,4.31,111.44,6.8,5.62,6.82
4/1/22,8.21,0.48,0.42,16.7,4.31,118.21,6.86,6.09,7.27
5/1/22,8.53,0.48,0.46,16.7,4.32,122.82,6.92,6.58,7.59
6/1/22,8.45,0.48,0.49,16.7,4.33,121.67,6.98,7.06,7.56
7/1/22,8.51,0.49,0.52,16.8,4.33,121.8,7,7.49,7.6
8/1/22,8.83,0.49,0.56,16.6,4.33,127.9,7.15,8.06,8.02
9/1/22,9.06,0.5,0.59,16.6,4.34,131.23,7.21,8.55,8.27
10/1/22,9.26,0.5,0.62,16.7,4.34,133.33,7.22,8.97,8.43
11/1/22,8.8,0.51,0.66,16.8,4.35,125.95,7.24,9.4,8.0
12/1/22,8.78,0.51,0.69,16.9,4.35,124.92,7.26,9.82,7.96
1/1/23,8.9,0.51,0.71,16.8,4.36,127.38,7.32,10.22,8.15
2/1/23,9.28,0.51,0.74,16.8,4.33,132.82,7.35,10.57,8.53
3/1/23,9.43,0.52,0.76,16.8,4.31,134.97,7.37,10.91,8.7
4/1/23,9.1,0.52,0.79,16.9,4.29,129.47,7.35,11.19,8.37
5/1/23,8.67,0.52,0.81,16.9,4.26,123.36,7.37,11.54,8.0
6/1/23,8.34,0.52,0.83,17,4.23,117.96,7.35,11.81,7.67
7/1/23,8.06,0.52,0.86,17.2,4.21,112.68,7.29,12.01,7.35
8/1/23,8.1,0.52,0.88,17.1,4.18,113.9,7.36,12.42,7.44
9/1/23,8.15,0.53,0.91,17.2,4.16,113.93,7.34,12.69,7.46
10/1/23,8.03,0.53,0.93,17.3,4.13,111.61,7.32,12.95,7.32
11/1/23,8.27,0.53,0.96,17.3,4.11,114.94,7.34,13.28,7.55
12/1/23,8.55,0.53,0.98,17.3,4.08,118.84,7.37,13.62,7.81
1/1/24,8.83,0.53,0.98,17.3,4.06,122.73,7.39,13.56,8.07
2/1/24,8.87,0.53,0.97,17.2,4.04,124,7.46,13.58,8.16
3/1/24,8.7,0.54,0.97,17.1,4.03,122.33,7.52,13.6,8.06
4/1/24,8.5,0.54,0.96,17,4.01,120.23,7.59,13.63,7.92
5/1/24,8.47,0.54,0.96,17,3.99,119.8,7.61,13.57,7.9
6/1/24,8.63,0.54,0.95,17,3.98,122.06,7.64,13.51,8.05
7/1/24,9.03,0.54,0.95,17.1,3.96,126.98,7.62,13.37,8.38
8/1/24,9.34,0.54,0.95,17,3.94,132.11,7.68,13.39,8.72
9/1/24,9.25,0.55,0.94,17.1,3.93,130.07,7.66,13.25,8.58
10/1/24,9.13,0.55,0.94,17.2,3.91,127.64,7.64,13.12,8.42
11/1/24,9.64,0.55,0.93,17.2,3.89,134.76,7.67,13.06,8.89
12/1/24,10.16,0.55,0.93,17.3,3.88,141.21,7.64,12.93,9.31
1/1/25,10.58,0.55,0.96,17.3,3.86,147.05,7.7,13.3,9.69
2/1/25,10.67,0.56,0.98,17.2,3.85,149.16,7.8,13.75,9.83
3/1/25,10.39,0.56,1.01,17.3,3.83,144.41,7.82,14.04,9.52
4/1/25,10.28,0.57,1.04,17.2,3.81,143.71,7.92,14.5,9.48
5/1/25,10.61,0.57,1.06,17.3,3.8,147.47,7.93,14.77,9.73
6/1/25,10.8,0.57,1.09,17.5,3.79,148.39,7.9,14.98,9.8
7/1/25,11.1,0.58,1.12,17.7,3.77,150.79,7.87,15.17,9.96
8/1/25,11.25,0.58,1.14,17.7,3.76,152.83,7.92,15.53,10.11
9/1/25,11.51,0.59,1.17,17.7,3.74,156.36,7.98,15.89,10.36
10/1/25,11.89,0.59,1.2,17.7,3.73,161.52,8.04,16.26,10.72
11/1/25,12.26,0.6,1.22,18,3.71,163.77,7.96,16.34,10.89
12/1/25,12.46,0.6,1.25,17.9,3.7,167.38,8.06,16.79,11.15
1/1/26,12.65,0.61,1.25,17.9,3.68,169.93,8.16,16.78,11.34
2/1/26,12.67,0.61,1.25,17.9,3.65,170.2,8.26,16.76,11.39
3/1/26,11.81,0.62,1.25,17.8,3.62,159.54,8.41,16.86,10.71
4/1/26,11.48,0.63,1.25,17.9,3.6,154.21,8.46,16.75,10.4
5/1/26,11.56,0.64,1.25,17.8,3.57,156.16,8.61,16.83,10.58
6/1/26,12.11,0.65,1.25,17.7,3.54,164.51,8.76,16.91,11.2
7/1/26,12.62,0.65,1.24,17.5,3.51,173.4,8.97,17.09,11.87
8/1/26,13.12,0.66,1.24,17.4,3.48,181.31,9.12,17.18,12.49
9/1/26,13.32,0.67,1.24,17.5,3.45,183.02,9.17,17.07,12.69
10/1/26,13.02,0.68,1.24,17.6,3.42,177.88,9.22,16.97,12.43
11/1/26,13.19,0.68,1.24,17.7,3.4,179.18,9.27,16.86,12.62
12/1/26,13.49,0.69,1.24,17.7,3.37,183.26,9.37,16.85,13.01
1/1/27,13.4,0.7,1.23,17.5,3.34,184.12,9.57,16.89,13.19
2/1/27,13.66,0.7,1.22,17.4,3.34,188.77,9.72,16.83,13.63
3/1/27,13.87,0.71,1.21,17.3,3.34,192.78,9.87,16.79,14.03
4/1/27,14.21,0.72,1.2,17.3,3.34,197.5,9.96,16.64,14.49
5/1/27,14.7,0.72,1.19,17.4,3.34,203.14,10,16.39,15.0
6/1/27,14.89,0.73,1.18,17.6,3.34,203.43,9.97,16.05,15.12
7/1/27,15.22,0.74,1.16,17.3,3.33,211.54,10.24,16.18,15.82
8/1/27,16.03,0.74,1.15,17.2,3.33,224.1,10.39,16.12,16.86
9/1/27,16.94,0.75,1.14,17.3,3.33,235.45,10.42,15.89,17.82
10/1/27,16.68,0.76,1.13,17.4,3.33,230.5,10.46,15.64,17.54
11/1/27,17.06,0.76,1.12,17.3,3.33,237.12,10.61,15.58,18.13
12/1/27,17.46,0.77,1.11,17.3,3.33,242.68,10.7,15.43,18.65
1/1/28,17.53,0.78,1.13,17.3,3.33,243.65,10.8,15.75,18.81
2/1/28,17.32,0.78,1.16,17.1,3.35,243.55,11.01,16.24,18.87
3/1/28,18.25,0.79,1.18,17.1,3.38,256.62,11.11,16.55,19.94
4/1/28,19.4,0.8,1.2,17.1,3.4,272.79,11.2,16.87,21.26
5/1/28,20,0.8,1.22,17.2,3.42,279.59,11.23,17.08,21.83
6/1/28,19.02,0.81,1.25,17.1,3.44,267.45,11.39,17.51,20.91
7/1/28,19.16,0.82,1.27,17.1,3.46,269.42,11.48,17.83,21.08
8/1/28,19.78,0.82,1.29,17.1,3.49,278.14,11.58,18.14,21.76
9/1/28,21.17,0.83,1.31,17.3,3.51,294.24,11.54,18.24,23.0
10/1/28,21.6,0.84,1.33,17.2,3.53,301.96,11.7,18.66,23.58
11/1/28,23.06,0.84,1.36,17.2,3.56,322.37,11.79,18.97,25.12
12/1/28,23.15,0.85,1.38,17.1,3.58,325.52,11.95,19.4,25.3
1/1/29,24.86,0.86,1.4,17.1,3.6,349.57,12.09,19.67,27.08
2/1/29,24.99,0.87,1.42,17.1,3.57,351.4,12.23,19.94,27.13
3/1/29,25.43,0.88,1.44,17,3.55,359.69,12.45,20.34,27.68
4/1/29,25.28,0.89,1.46,16.9,3.52,359.68,12.66,20.73,27.57
5/1/29,25.66,0.9,1.48,17,3.5,362.94,12.73,20.88,27.7
6/1/29,26.15,0.91,1.5,17.1,3.47,367.71,12.8,21.02,27.94
7/1/29,28.48,0.92,1.51,17.3,3.45,395.84,12.79,21.04,29.93
8/1/29,30.1,0.93,1.53,17.3,3.42,418.36,12.93,21.31,31.48
9/1/29,31.3,0.94,1.55,17.3,3.39,435.04,13.06,21.57,32.56
10/1/29,27.99,0.95,1.57,17.3,3.37,389.03,13.2,21.85,28.96
11/1/29,20.58,0.96,1.59,17.3,3.34,286.04,13.34,22.11,21.17
12/1/29,21.4,0.97,1.61,17.2,3.32,299.17,13.56,22.51,22.01
1/1/30,21.71,0.97,1.56,17.1,3.29,305.27,13.65,21.89,22.31
2/1/30,23.07,0.97,1.5,17,3.29,326.31,13.74,21.26,23.7
3/1/30,23.94,0.97,1.45,16.9,3.3,340.62,13.84,20.63,24.59
4/1/30,25.46,0.97,1.4,17,3.3,360.11,13.77,19.76,25.84
5/1/30,23.94,0.97,1.34,16.9,3.31,340.62,13.86,19.11,24.31
6/1/30,21.52,0.97,1.29,16.8,3.31,308.01,13.95,18.46,21.87
7/1/30,21.06,0.98,1.24,16.6,3.32,305.05,14.13,17.92,21.55
8/1/30,20.79,0.98,1.18,16.5,3.32,302.97,14.23,17.24,21.3
9/1/30,20.78,0.98,1.13,16.6,3.32,301,14.16,16.37,21.07
10/1/30,17.92,0.98,1.08,16.5,3.33,261.14,14.26,15.69,18.21
11/1/30,16.62,0.98,1.02,16.4,3.33,243.68,14.36,15,16.94
12/1/30,15.51,0.98,0.97,16.1,3.34,231.64,14.64,14.49,16.06
1/1/31,15.98,0.97,0.94,15.9,3.34,241.66,14.62,14.22,16.71
2/1/31,17.2,0.95,0.91,15.7,3.37,263.42,14.6,13.94,18.16
3/1/31,17.53,0.94,0.88,15.6,3.4,270.2,14.49,13.56,18.58
4/1/31,15.86,0.93,0.85,15.5,3.42,246.04,14.38,13.19,16.87
5/1/31,14.33,0.91,0.82,15.3,3.45,225.21,14.35,12.89,15.4
6/1/31,13.87,0.9,0.79,15.1,3.48,220.87,14.33,12.58,15.06
7/1/31,14.33,0.89,0.76,15.1,3.51,228.19,14.12,12.1,15.52
8/1/31,13.9,0.87,0.73,15.1,3.54,221.34,13.91,11.62,15.01
9/1/31,11.83,0.86,0.7,15,3.57,189.64,13.79,11.22,12.82
10/1/31,10.25,0.85,0.67,14.9,3.6,165.41,13.66,10.81,11.15
11/1/31,10.39,0.83,0.64,14.7,3.62,169.95,13.63,10.47,11.42
12/1/31,8.44,0.82,0.61,14.6,3.65,139,13.5,10.05,9.31
1/1/32,8.3,0.79,0.59,14.3,3.68,139.56,13.34,9.98,9.31
2/1/32,8.23,0.77,0.58,14.1,3.65,140.35,13.07,9.83,9.34
3/1/32,8.26,0.74,0.56,14,3.62,141.87,12.71,9.62,9.41
4/1/32,6.28,0.71,0.54,13.9,3.59,108.64,12.34,9.4,7.19
5/1/32,5.51,0.69,0.53,13.7,3.56,96.71,12.05,9.24,6.39
6/1/32,4.77,0.66,0.51,13.6,3.53,84.33,11.67,9.02,5.57
7/1/32,5.01,0.63,0.49,13.6,3.5,88.58,11.2,8.72,5.84
8/1/32,7.53,0.61,0.48,13.5,3.46,134.12,10.81,8.49,8.83
9/1/32,8.26,0.58,0.46,13.4,3.43,148.22,10.41,8.25,9.76
10/1/32,7.12,0.55,0.44,13.3,3.4,128.72,10,8.01,8.48
11/1/32,7.05,0.53,0.43,13.2,3.37,128.42,9.59,7.77,8.46
12/1/32,6.82,0.5,0.41,13.1,3.34,125.18,9.18,7.53,8.26
1/1/33,7.09,0.49,0.41,12.9,3.31,132.16,9.23,7.69,8.73
2/1/33,6.25,0.49,0.41,12.7,3.29,118.33,9.28,7.86,7.83
3/1/33,6.23,0.48,0.42,12.6,3.28,118.89,9.26,7.97,7.87
4/1/33,6.89,0.48,0.42,12.6,3.26,131.48,9.16,8.02,8.72
5/1/33,8.87,0.47,0.42,12.6,3.25,169.27,9.06,8.06,11.25
6/1/33,10.39,0.47,0.42,12.7,3.23,196.72,8.9,8.05,13.1
7/1/33,11.23,0.47,0.43,13.1,3.21,206.13,8.54,7.85,13.75
8/1/33,10.67,0.46,0.43,13.2,3.2,194.36,8.38,7.83,13.0
9/1/33,10.58,0.46,0.43,13.2,3.18,192.73,8.29,7.88,12.92
10/1/33,9.55,0.45,0.43,13.2,3.17,173.96,8.2,7.92,11.7
11/1/33,9.78,0.45,0.44,13.2,3.15,178.15,8.11,7.97,12.01
12/1/33,9.97,0.44,0.44,13.2,3.14,181.61,8.02,8.02,12.28
1/1/34,10.54,0.44,0.44,13.2,3.12,192,8.03,8.09,13.03
2/1/34,11.32,0.44,0.45,13.3,3.09,204.65,7.99,8.1,13.93
3/1/34,10.74,0.44,0.45,13.3,3.06,194.17,8,8.18,13.25
4/1/34,10.92,0.44,0.46,13.3,3.04,197.42,8.01,8.26,13.52
5/1/34,9.81,0.44,0.46,13.3,3.01,177.36,8.03,8.33,12.18
6/1/34,9.94,0.45,0.47,13.4,2.98,178.36,7.99,8.34,12.29
7/1/34,9.47,0.45,0.47,13.4,2.96,169.93,8,8.42,11.74
8/1/34,9.1,0.45,0.47,13.4,2.93,163.29,8.02,8.49,11.32
9/1/34,8.88,0.45,0.48,13.6,2.9,157,7.91,8.44,10.91
10/1/34,8.95,0.45,0.48,13.5,2.87,159.41,7.98,8.58,11.11
11/1/34,9.2,0.45,0.49,13.5,2.84,163.86,8,8.65,11.45
12/1/34,9.26,0.45,0.49,13.4,2.82,166.16,8.07,8.79,11.64
1/1/35,9.26,0.45,0.57,13.6,2.79,163.72,7.96,10.08,11.5
2/1/35,8.98,0.45,0.65,13.7,2.78,157.61,7.9,11.41,11.09
3/1/35,8.41,0.45,0.73,13.7,2.77,147.61,7.9,12.81,10.4
4/1/35,9.04,0.45,0.76,13.8,2.75,157.51,7.78,13.18,11.1
5/1/35,9.75,0.44,0.78,13.8,2.74,169.88,7.72,13.65,11.99
6/1/35,10.12,0.44,0.81,13.7,2.73,177.62,7.72,14.22,12.54
7/1/35,10.65,0.44,0.79,13.7,2.72,186.92,7.72,13.92,13.2
8/1/35,11.37,0.44,0.78,13.7,2.71,199.56,7.72,13.63,14.11
9/1/35,11.61,0.44,0.76,13.7,2.7,203.77,7.72,13.34,14.42
10/1/35,11.92,0.45,0.76,13.7,2.69,209.21,7.9,13.34,14.83
11/1/35,13.04,0.46,0.76,13.8,2.67,227.21,8.02,13.24,16.13
12/1/35,13.04,0.47,0.76,13.8,2.66,227.21,8.19,13.24,16.16
1/1/36,13.76,0.48,0.77,13.8,2.65,239.75,8.36,13.42,17.09
2/1/36,14.55,0.49,0.78,13.8,2.65,253.52,8.54,13.59,18.1
3/1/36,14.86,0.5,0.79,13.7,2.66,260.81,8.78,13.87,18.66
4/1/36,14.88,0.52,0.82,13.7,2.66,261.16,9.07,14.39,18.72
5/1/36,14.09,0.53,0.85,13.7,2.66,247.3,9.36,14.92,17.75
6/1/36,14.69,0.55,0.88,13.8,2.66,255.96,9.58,15.33,18.39
7/1/36,15.56,0.57,0.9,13.9,2.67,269.17,9.86,15.57,19.36
8/1/36,15.87,0.59,0.92,14,2.67,272.57,10.13,15.8,19.62
9/1/36,16.05,0.61,0.94,14,2.67,275.66,10.48,16.14,19.86
10/1/36,16.89,0.65,0.97,14,2.67,290.09,11.11,16.6,20.91
11/1/36,17.36,0.68,0.99,14,2.67,298.16,11.74,17.06,21.5
12/1/36,17.06,0.72,1.02,14,2.68,293.01,12.37,17.52,21.13
1/1/37,17.59,0.73,1.05,14.1,2.68,299.97,12.45,17.91,21.62
2/1/37,18.11,0.74,1.08,14.1,2.67,308.84,12.62,18.42,22.24
3/1/37,18.09,0.75,1.11,14.2,2.66,306.32,12.7,18.8,22.04
4/1/37,17.01,0.78,1.13,14.3,2.65,286.02,13.12,19,20.56
5/1/37,16.25,0.81,1.15,14.4,2.64,271.34,13.53,19.2,19.47
6/1/37,15.64,0.84,1.17,14.4,2.63,261.16,14.03,19.54,18.71
7/1/37,16.57,0.82,1.19,14.5,2.62,274.78,13.54,19.68,19.65
8/1/37,16.74,0.79,1.2,14.5,2.61,277.6,13.16,19.95,19.81
9/1/37,14.37,0.77,1.22,14.6,2.6,236.66,12.68,20.09,16.85
10/1/37,12.28,0.78,1.19,14.6,2.59,202.24,12.85,19.6,14.36
11/1/37,11.2,0.79,1.16,14.5,2.58,185.73,13.1,19.24,13.16
12/1/37,11.02,0.8,1.13,14.4,2.57,184.01,13.36,18.87,13.01
1/1/38,11.31,0.79,1.08,14.2,2.56,191.51,13.43,18.23,13.51
2/1/38,11.04,0.79,1.02,14.1,2.54,188.27,13.42,17.45,13.26
3/1/38,10.31,0.78,0.97,14.1,2.53,175.82,13.3,16.54,12.38
4/1/38,9.89,0.77,0.9,14.2,2.51,167.47,12.98,15.3,11.79
5/1/38,9.98,0.75,0.84,14.1,2.49,170.19,12.85,14.27,11.99
6/1/38,10.21,0.74,0.77,14.1,2.48,174.11,12.62,13.13,12.29
7/1/38,12.24,0.71,0.72,14.1,2.46,208.73,12.16,12.28,14.77
8/1/38,12.31,0.69,0.67,14.1,2.44,209.93,11.71,11.43,14.9
9/1/38,11.75,0.66,0.62,14.1,2.43,200.38,11.26,10.57,14.28
10/1/38,13.06,0.61,0.63,14,2.41,224.31,10.48,10.76,16.06
11/1/38,13.07,0.56,0.63,14,2.39,224.48,9.62,10.88,16.15
12/1/38,12.69,0.51,0.64,14,2.38,217.95,8.76,10.99,15.76
1/1/39,12.5,0.51,0.66,14,2.36,214.69,8.82,11.39,15.6
2/1/39,12.4,0.52,0.69,13.9,2.35,214.5,8.94,11.88,15.66
3/1/39,12.39,0.52,0.71,13.9,2.33,214.33,9,12.28,15.73
4/1/39,10.83,0.52,0.73,13.8,2.32,188.7,9.12,12.66,13.92
5/1/39,11.23,0.53,0.74,13.8,2.31,195.67,9.18,12.95,14.5
6/1/39,11.43,0.53,0.76,13.8,2.3,199.16,9.23,13.24,14.83
7/1/39,11.71,0.54,0.78,13.8,2.29,204.04,9.41,13.53,15.27
8/1/39,11.54,0.55,0.79,13.8,2.27,201.07,9.58,13.82,15.12
9/1/39,12.77,0.56,0.81,14.1,2.26,217.77,9.55,13.81,16.45
10/1/39,12.9,0.58,0.84,14,2.25,221.56,9.96,14.43,16.82
11/1/39,12.67,0.6,0.87,14,2.24,217.61,10.31,14.94,16.6
12/1/39,12.37,0.62,0.9,14,2.22,212.46,10.65,15.46,16.28
1/1/40,12.3,0.62,0.93,13.9,2.21,212.77,10.78,16.09,16.38
2/1/40,12.22,0.63,0.96,14,2.19,209.88,10.76,16.49,16.22
3/1/40,12.15,0.63,0.99,14,2.17,208.68,10.82,17,16.17
4/1/40,12.27,0.64,1.01,14,2.15,210.74,10.93,17.29,16.37
5/1/40,10.58,0.64,1.02,14,2.12,181.71,11.05,17.58,14.14
6/1/40,9.67,0.65,1.04,14.1,2.1,164.91,11.08,17.74,12.84
7/1/40,9.99,0.66,1.05,14,2.08,171.58,11.28,18.09,13.37
8/1/40,10.2,0.66,1.07,14,2.06,175.19,11.39,18.32,13.65
9/1/40,10.63,0.67,1.08,14,2.04,182.57,11.51,18.55,14.21
10/1/40,10.73,0.67,1.07,14,2.02,184.29,11.51,18.38,14.33
11/1/40,10.98,0.67,1.06,14,1.99,188.58,11.51,18.21,14.64
12/1/40,10.53,0.67,1.05,14.1,1.97,179.57,11.43,17.91,13.91
1/1/41,10.55,0.67,1.05,14.1,1.95,179.91,11.48,17.96,13.9
2/1/41,9.89,0.68,1.06,14.1,1.99,168.66,11.54,18.02,13.0
3/1/41,9.95,0.68,1.06,14.2,2.04,168.49,11.51,17.95,12.96
4/1/41,9.64,0.68,1.07,14.3,2.08,162.09,11.49,17.99,12.43
5/1/41,9.43,0.69,1.08,14.4,2.12,157.46,11.47,18.03,12.04
6/1/41,9.76,0.69,1.09,14.7,2.16,159.65,11.29,17.83,12.16
7/1/41,10.26,0.69,1.12,14.7,2.21,167.83,11.34,18.37,12.74
8/1/41,10.21,0.7,1.16,14.9,2.25,164.77,11.24,18.67,12.46
9/1/41,10.24,0.7,1.19,15.1,2.29,163.06,11.15,18.95,12.28
10/1/41,9.83,0.7,1.18,15.3,2.33,154.49,11.05,18.54,11.58
11/1/41,9.37,0.71,1.17,15.4,2.38,146.3,11.03,18.27,10.91
12/1/41,8.76,0.71,1.16,15.5,2.42,135.89,11.01,18,10.09
1/1/42,8.93,0.7,1.12,15.7,2.46,136.77,10.77,17.15,10.1
2/1/42,8.65,0.7,1.08,15.8,2.46,131.64,10.6,16.44,9.68
3/1/42,8.18,0.69,1.04,16,2.46,122.93,10.37,15.63,9.0
4/1/42,7.84,0.68,1.02,16.1,2.46,117.09,10.16,15.23,8.54
5/1/42,7.93,0.67,1,16.3,2.46,116.98,9.88,14.75,8.51
6/1/42,8.33,0.66,0.98,16.3,2.46,122.88,9.74,14.46,8.91
7/1/42,8.64,0.65,0.97,16.4,2.46,126.68,9.48,14.17,9.15
8/1/42,8.59,0.63,0.95,16.5,2.47,125.18,9.23,13.89,9.01
9/1/42,8.68,0.62,0.94,16.5,2.47,126.49,9.04,13.7,9.08
10/1/42,9.32,0.61,0.97,16.7,2.47,134.19,8.78,13.97,9.6
11/1/42,9.47,0.6,1,16.8,2.47,135.54,8.59,14.31,9.66
12/1/42,9.52,0.59,1.03,16.9,2.47,135.45,8.39,14.65,9.62
1/1/43,10.09,0.59,1.04,16.9,2.47,143.56,8.39,14.84,10.15
2/1/43,10.69,0.59,1.06,16.9,2.47,152.1,8.39,15.03,10.71
3/1/43,11.07,0.59,1.07,17.2,2.47,154.76,8.25,14.96,10.85
4/1/43,11.44,0.59,1.08,17.4,2.47,158.09,8.15,14.92,11.04
5/1/43,11.89,0.59,1.09,17.5,2.47,163.37,8.11,14.98,11.36
6/1/43,12.1,0.59,1.1,17.5,2.47,166.26,8.11,15.11,11.52
7/1/43,12.35,0.59,1.09,17.4,2.48,170.67,8.2,15.11,11.77
8/1/43,11.74,0.6,1.09,17.3,2.48,163.17,8.29,15.1,11.21
9/1/43,11.99,0.6,1.08,17.4,2.48,165.69,8.29,14.92,11.34
10/1/43,11.88,0.6,1.03,17.4,2.48,164.17,8.34,14.28,11.19
11/1/43,11.33,0.61,0.99,17.4,2.48,156.57,8.38,13.63,10.63
12/1/43,11.48,0.61,0.94,17.4,2.48,158.64,8.43,12.99,10.74
1/1/44,11.85,0.61,0.94,17.4,2.48,163.76,8.48,12.94,11.05
2/1/44,11.77,0.62,0.93,17.4,2.47,162.65,8.52,12.9,10.95
3/1/44,12.1,0.62,0.93,17.4,2.46,167.21,8.57,12.85,11.22
4/1/44,11.89,0.62,0.93,17.5,2.45,163.37,8.56,12.73,10.94
5/1/44,12.1,0.63,0.92,17.5,2.44,166.26,8.61,12.69,11.1
6/1/44,12.67,0.63,0.92,17.6,2.43,173.1,8.61,12.57,11.53
7/1/44,13,0.63,0.91,17.7,2.42,176.6,8.6,12.41,11.74
8/1/44,12.81,0.64,0.91,17.7,2.42,174.02,8.65,12.32,11.54
9/1/44,12.6,0.64,0.9,17.7,2.41,171.17,8.69,12.23,11.33
10/1/44,12.91,0.64,0.91,17.7,2.4,175.38,8.69,12.36,11.58
11/1/44,12.82,0.64,0.92,17.7,2.39,174.16,8.69,12.5,11.48
12/1/44,13.1,0.64,0.93,17.8,2.38,176.96,8.65,12.56,11.64
1/1/45,13.49,0.64,0.94,17.8,2.37,182.23,8.69,12.7,11.96
2/1/45,13.94,0.65,0.95,17.8,2.35,188.31,8.74,12.83,12.34
3/1/45,13.93,0.65,0.96,17.8,2.34,188.17,8.78,12.97,12.32
4/1/45,14.28,0.65,0.97,17.8,2.33,192.9,8.78,13.15,12.63
5/1/45,14.82,0.65,0.99,17.9,2.31,199.08,8.73,13.25,13.04
6/1/45,15.09,0.65,1,18.1,2.29,200.46,8.63,13.28,13.13
7/1/45,14.78,0.65,1,18.1,2.28,196.35,8.68,13.24,12.87
8/1/45,14.83,0.66,0.99,18.1,2.27,197.01,8.72,13.2,12.92
9/1/45,15.84,0.66,0.99,18.1,2.25,210.43,8.77,13.15,13.8
10/1/45,16.5,0.66,0.98,18.1,2.24,219.2,8.77,13.02,14.37
11/1/45,17.04,0.66,0.97,18.1,2.22,226.37,8.77,12.89,14.85
12/1/45,17.33,0.66,0.96,18.2,2.21,228.96,8.72,12.68,15.02
1/1/46,18.02,0.67,0.94,18.2,2.19,238.07,8.81,12.42,15.62
2/1/46,18.07,0.67,0.92,18.1,2.19,240.05,8.94,12.22,15.76
3/1/46,17.53,0.68,0.9,18.3,2.2,230.33,8.93,11.83,15.13
4/1/46,18.66,0.68,0.88,18.4,2.21,243.85,8.89,11.5,16.04
5/1/46,18.7,0.68,0.86,18.5,2.21,243.05,8.84,11.18,16.01
6/1/46,18.58,0.68,0.84,18.7,2.21,238.91,8.74,10.8,15.77
7/1/46,18.05,0.68,0.86,19.8,2.22,219.2,8.3,10.4,14.51
8/1/46,17.7,0.69,0.87,20.2,2.23,210.69,8.17,10.4,13.98
9/1/46,15.09,0.69,0.89,20.4,2.23,177.86,8.13,10.49,11.84
10/1/46,14.75,0.7,0.95,20.8,2.23,170.51,8.05,10.94,11.39
11/1/46,14.69,0.7,1,21.3,2.24,165.83,7.94,11.33,11.11
12/1/46,15.13,0.71,1.06,21.5,2.25,169.21,7.94,11.85,11.37
1/1/47,15.21,0.71,1.13,21.5,2.25,170.11,7.98,12.64,11.47
2/1/47,15.8,0.72,1.2,21.5,2.27,176.7,8.02,13.42,11.95
3/1/47,15.16,0.72,1.27,21.9,2.28,166.45,7.91,13.94,11.29
4/1/47,14.6,0.73,1.33,21.9,2.3,160.3,8.05,14.57,10.9
5/1/47,14.34,0.75,1.38,21.9,2.31,157.45,8.2,15.19,10.73
6/1/47,14.84,0.76,1.44,22,2.33,162.2,8.31,15.74,11.08
7/1/47,15.77,0.77,1.48,22.2,2.34,170.81,8.34,15.99,11.7
8/1/47,15.46,0.78,1.51,22.5,2.36,165.22,8.34,16.17,11.34
9/1/47,15.06,0.79,1.55,23,2.38,157.44,8.26,16.2,10.83
10/1/47,15.45,0.81,1.57,23,2.39,161.52,8.43,16.41,11.13
11/1/47,15.27,0.82,1.59,23.1,2.41,158.95,8.57,16.55,10.98
12/1/47,15.03,0.84,1.61,23.4,2.42,154.44,8.63,16.54,10.68
1/1/48,14.83,0.84,1.64,23.7,2.44,150.46,8.56,16.67,10.42
2/1/48,14.1,0.85,1.68,23.5,2.43,144.27,8.66,17.16,10.0
3/1/48,14.3,0.85,1.71,23.4,2.42,146.94,8.73,17.57,10.19
4/1/48,15.4,0.85,1.76,23.8,2.41,155.59,8.59,17.78,10.78
5/1/48,16.15,0.85,1.81,23.9,2.4,162.48,8.55,18.21,11.24
6/1/48,16.82,0.85,1.86,24.1,2.39,167.82,8.48,18.56,11.58
7/1/48,16.42,0.86,1.93,24.4,2.38,161.81,8.44,19.02,11.13
8/1/48,15.94,0.86,2,24.5,2.36,156.44,8.47,19.63,10.72
9/1/48,15.76,0.87,2.07,24.5,2.35,154.67,8.54,20.32,10.55
10/1/48,16.19,0.89,2.14,24.4,2.34,159.55,8.77,21.12,10.83
11/1/48,15.29,0.91,2.22,24.2,2.33,151.92,9.04,22.02,10.25
12/1/48,15.19,0.93,2.29,24.1,2.32,151.55,9.28,22.85,10.16
1/1/49,15.36,0.95,2.32,24,2.31,153.89,9.48,23.24,10.25
2/1/49,14.77,0.96,2.35,23.8,2.31,149.22,9.73,23.74,9.87
3/1/49,14.91,0.98,2.38,23.8,2.31,150.64,9.9,24.05,9.9
4/1/49,14.89,0.99,2.39,23.9,2.31,149.8,9.99,24.01,9.78
5/1/49,14.78,1.01,2.39,23.8,2.31,149.32,10.17,24.18,9.69
6/1/49,13.97,1.02,2.4,23.9,2.31,140.55,10.26,24.15,9.07
7/1/49,14.76,1.03,2.4,23.7,2.31,149.75,10.42,24.32,9.61
8/1/49,15.29,1.03,2.39,23.8,2.32,154.47,10.44,24.18,9.85
9/1/49,15.49,1.04,2.39,23.9,2.32,155.84,10.46,24.05,9.88
10/1/49,15.89,1.07,2.37,23.7,2.32,161.21,10.89,24.01,10.17
11/1/49,16.11,1.11,2.34,23.8,2.32,162.76,11.18,23.67,10.22
12/1/49,16.54,1.14,2.32,23.6,2.32,168.52,11.62,23.64,10.53
1/1/50,16.88,1.15,2.34,23.5,2.32,172.72,11.77,23.91,10.75
2/1/50,17.21,1.16,2.35,23.5,2.34,176.09,11.87,24.08,10.91
3/1/50,17.35,1.17,2.37,23.6,2.36,176.77,11.92,24.15,10.91
4/1/50,17.84,1.18,2.43,23.6,2.38,181.77,12.02,24.72,11.18
5/1/50,18.44,1.19,2.48,23.7,2.4,187.09,12.07,25.19,11.46
6/1/50,18.74,1.2,2.54,23.8,2.42,189.33,12.12,25.66,11.55
7/1/50,17.38,1.24,2.6,24.1,2.44,173.4,12.41,25.94,10.54
8/1/50,18.43,1.29,2.66,24.3,2.47,182.37,12.73,26.32,11.04
9/1/50,19.08,1.33,2.72,24.4,2.49,188.03,13.11,26.8,11.34
10/1/50,19.87,1.38,2.76,24.6,2.51,194.22,13.46,26.98,11.66
11/1/50,19.83,1.42,2.8,24.7,2.53,193.04,13.86,27.26,11.54
12/1/50,19.75,1.47,2.84,25,2.55,189.96,14.14,27.32,11.31
1/1/51,21.21,1.49,2.84,25.4,2.57,200.79,14.07,26.85,11.9
2/1/51,22,1.5,2.83,25.7,2.58,205.83,14.07,26.51,12.14
3/1/51,21.63,1.52,2.83,25.8,2.59,201.59,14.17,26.38,11.84
4/1/51,21.92,1.53,2.79,25.8,2.6,204.29,14.29,26.03,11.95
5/1/51,21.93,1.55,2.76,25.9,2.61,203.59,14.36,25.59,11.86
6/1/51,21.55,1.56,2.72,25.9,2.62,200.07,14.48,25.25,11.62
7/1/51,21.93,1.55,2.65,25.9,2.63,203.59,14.36,24.6,11.78
8/1/51,22.89,1.53,2.58,25.9,2.63,212.51,14.24,23.95,12.26
9/1/51,23.48,1.52,2.51,26.1,2.64,216.31,14,23.12,12.44
10/1/51,23.36,1.48,2.49,26.2,2.65,214.39,13.61,22.82,12.31
11/1/51,22.71,1.45,2.46,26.4,2.66,206.84,13.18,22.44,11.85
12/1/51,23.41,1.41,2.44,26.5,2.67,212.41,12.79,22.14,12.15
1/1/52,24.19,1.41,2.43,26.5,2.68,219.49,12.82,22.02,12.53
2/1/52,23.75,1.42,2.41,26.3,2.69,217.14,12.95,22.06,12.36
3/1/52,23.81,1.42,2.4,26.3,2.71,217.69,12.98,21.94,12.36
4/1/52,23.74,1.43,2.38,26.4,2.72,216.22,13.02,21.68,12.24
5/1/52,23.73,1.44,2.36,26.4,2.73,216.13,13.12,21.49,12.2
6/1/52,24.38,1.45,2.34,26.5,2.74,221.22,13.16,21.23,12.45
7/1/52,25.08,1.45,2.35,26.7,2.75,225.86,13.06,21.13,12.67
8/1/52,25.18,1.45,2.35,26.7,2.77,226.76,13.06,21.19,12.68
9/1/52,24.78,1.45,2.36,26.7,2.78,223.16,13.06,21.25,12.43
10/1/52,24.26,1.44,2.37,26.7,2.79,218.48,12.94,21.37,12.13
11/1/52,25.03,1.42,2.39,26.7,2.81,225.41,12.82,21.49,12.47
12/1/52,26.04,1.41,2.4,26.7,2.82,234.51,12.7,21.61,12.93
1/1/53,26.18,1.41,2.41,26.6,2.83,236.65,12.75,21.79,13.01
2/1/53,25.86,1.41,2.42,26.5,2.8,234.64,12.79,21.96,12.86
3/1/53,25.99,1.41,2.43,26.6,2.77,234.94,12.75,21.97,12.83
4/1/53,24.71,1.41,2.46,26.6,2.83,223.37,12.78,22.21,12.16
5/1/53,24.84,1.42,2.48,26.7,3.05,223.7,12.76,22.36,12.14
6/1/53,23.95,1.42,2.51,26.8,3.11,214.88,12.74,22.52,11.62
7/1/53,24.29,1.42,2.52,26.8,2.93,217.93,12.74,22.64,11.75
8/1/53,24.39,1.42,2.54,26.9,2.95,218.02,12.69,22.67,11.72
9/1/53,23.27,1.42,2.55,26.9,2.87,208,12.69,22.79,11.14
10/1/53,23.97,1.43,2.54,27,2.66,213.47,12.74,22.59,11.39
11/1/53,24.5,1.44,2.52,26.9,2.68,219,12.87,22.56,11.64
12/1/53,24.83,1.45,2.51,26.9,2.59,221.95,12.96,22.44,11.75
1/1/54,25.46,1.46,2.52,26.9,2.48,227.58,13.02,22.56,12.0
2/1/54,26.02,1.46,2.54,26.9,2.47,232.59,13.08,22.67,12.22
3/1/54,26.57,1.47,2.55,26.9,2.37,237.5,13.14,22.79,12.42
4/1/54,27.63,1.46,2.57,26.8,2.29,247.9,13.13,23.09,12.91
5/1/54,28.73,1.46,2.6,26.9,2.37,256.81,13.02,23.21,13.31
6/1/54,28.96,1.45,2.62,26.9,2.38,258.87,12.96,23.42,13.36
7/1/54,30.13,1.46,2.62,26.9,2.3,269.32,13.02,23.45,13.83
8/1/54,30.73,1.46,2.63,26.9,2.36,274.69,13.08,23.48,14.04
9/1/54,31.45,1.47,2.63,26.8,2.38,282.17,13.19,23.6,14.36
10/1/54,32.18,1.49,2.68,26.8,2.43,288.72,13.4,24.02,14.62
11/1/54,33.44,1.52,2.72,26.8,2.48,300.03,13.61,24.43,15.12
12/1/54,34.97,1.54,2.77,26.7,2.51,314.93,13.87,24.95,15.79
1/1/55,35.6,1.55,2.83,26.7,2.61,320.6,13.93,25.52,15.99
2/1/55,36.79,1.55,2.9,26.7,2.65,331.32,13.99,26.09,16.44
3/1/55,36.5,1.56,2.96,26.7,2.68,328.71,14.05,26.66,16.22
4/1/55,37.76,1.56,3.05,26.7,2.75,340.05,14.08,27.44,16.69
5/1/55,37.6,1.57,3.13,26.7,2.76,338.61,14.11,28.22,16.52
6/1/55,39.78,1.57,3.22,26.7,2.78,358.25,14.14,29,17.37
7/1/55,42.69,1.59,3.29,26.8,2.9,383.02,14.24,29.55,18.45
8/1/55,42.43,1.6,3.37,26.8,2.97,380.68,14.39,30.21,18.22
9/1/55,44.34,1.62,3.44,26.9,2.97,396.34,14.48,30.75,18.84
10/1/55,42.11,1.63,3.5,26.9,2.88,376.41,14.54,31.29,17.77
11/1/55,44.95,1.63,3.56,26.9,2.89,401.8,14.6,31.82,18.84
12/1/55,45.37,1.64,3.62,26.8,2.96,407.06,14.71,32.48,18.94
1/1/56,44.15,1.67,3.64,26.8,2.9,396.12,14.98,32.69,18.29
2/1/56,44.43,1.7,3.67,26.8,2.84,398.63,15.25,32.9,18.27
3/1/56,47.49,1.73,3.69,26.8,2.96,426.08,15.52,33.11,19.37
4/1/56,48.05,1.75,3.66,26.9,3.18,429.51,15.67,32.72,19.37
5/1/56,46.54,1.78,3.63,27,3.07,414.47,15.82,32.33,18.54
6/1/56,46.27,1.8,3.6,27.2,3,409.03,15.91,31.82,18.16
7/1/56,48.78,1.81,3.55,27.4,3.11,428.07,15.91,31.18,18.86
8/1/56,48.49,1.83,3.51,27.3,3.33,427.09,16.09,30.89,18.67
9/1/56,46.84,1.84,3.46,27.4,3.38,411.05,16.15,30.36,17.84
10/1/56,46.24,1.81,3.44,27.5,3.34,404.31,15.8,30.11,17.42
11/1/56,45.76,1.77,3.43,27.5,3.49,400.11,15.51,29.96,17.12
12/1/56,46.44,1.74,3.41,27.6,3.59,404.59,15.16,29.71,17.2
1/1/57,45.43,1.74,3.41,27.6,3.46,395.79,15.13,29.68,16.72
2/1/57,43.47,1.73,3.4,27.7,3.34,377.34,15.05,29.54,15.84
3/1/57,44.03,1.73,3.4,27.8,3.41,380.83,14.96,29.41,15.9
4/1/57,45.05,1.73,3.41,27.9,3.48,388.26,14.91,29.36,16.12
5/1/57,46.78,1.73,3.41,28,3.6,401.73,14.86,29.31,16.6
6/1/57,47.55,1.73,3.42,28.1,3.8,406.89,14.8,29.26,16.73
7/1/57,48.51,1.74,3.44,28.3,3.93,412.17,14.78,29.2,16.87
8/1/57,45.84,1.75,3.45,28.3,3.93,389.48,14.87,29.34,15.87
9/1/57,43.98,1.76,3.47,28.3,3.92,373.68,14.95,29.48,15.16
10/1/57,41.24,1.77,3.44,28.3,3.97,350.4,15.04,29.2,14.15
11/1/57,40.35,1.78,3.4,28.4,3.72,341.63,15.07,28.81,13.74
12/1/57,40.33,1.79,3.37,28.4,3.21,341.46,15.16,28.53,13.67
1/1/58,41.12,1.78,3.29,28.6,3.09,345.71,14.99,27.69,13.79
2/1/58,41.26,1.78,3.22,28.6,3.05,346.89,14.94,27.04,13.78
3/1/58,42.11,1.77,3.14,28.8,2.98,351.58,14.78,26.22,13.93
4/1/58,42.34,1.76,3.07,28.9,2.88,352.27,14.62,25.54,13.91
5/1/58,43.7,1.74,3,28.9,2.92,363.59,14.5,24.96,14.32
6/1/58,44.75,1.73,2.93,28.9,2.97,372.33,14.39,24.38,14.64
7/1/58,45.98,1.73,2.91,29,3.2,381.24,14.34,24.16,14.96
8/1/58,47.7,1.73,2.9,28.9,3.54,396.87,14.39,24.1,15.54
9/1/58,48.96,1.73,2.88,28.9,3.76,407.35,14.39,23.96,15.93
10/1/58,50.95,1.74,2.88,28.9,3.8,423.91,14.45,23.99,16.56
11/1/58,52.5,1.74,2.89,29,3.74,435.3,14.45,23.93,16.99
12/1/58,53.49,1.75,2.89,28.9,3.86,445.04,14.56,24.05,17.36
1/1/59,55.62,1.76,2.96,29,4.02,461.17,14.57,24.57,17.98
2/1/59,54.77,1.76,3.04,28.9,3.96,455.69,14.67,25.27,17.76
3/1/59,56.16,1.77,3.11,28.9,3.99,467.26,14.73,25.88,18.2
4/1/59,57.1,1.78,3.21,29,4.12,473.44,14.73,26.59,18.43
5/1/59,57.96,1.78,3.3,29,4.31,480.57,14.79,27.39,18.69
6/1/59,57.46,1.79,3.4,29.1,4.34,474.79,14.79,28.09,18.45
7/1/59,59.74,1.8,3.41,29.2,4.4,491.94,14.79,28.08,19.09
8/1/59,59.4,1.8,3.42,29.2,4.43,489.14,14.85,28.16,18.96
9/1/59,57.05,1.81,3.43,29.3,4.68,468.18,14.85,28.15,18.12
10/1/59,57,1.82,3.42,29.4,4.53,466.18,14.86,27.94,18.02
11/1/59,57.23,1.82,3.4,29.4,4.53,468.06,14.91,27.83,18.07
12/1/59,59.06,1.83,3.39,29.4,4.69,483.03,14.97,27.73,18.62
1/1/60,58.03,1.87,3.39,29.3,4.72,476.23,15.32,27.82,18.34
2/1/60,55.78,1.9,3.39,29.4,4.49,456.2,15.57,27.73,17.55
3/1/60,55.02,1.94,3.39,29.4,4.25,449.99,15.87,27.73,17.29
4/1/60,55.73,1.94,3.35,29.5,4.28,454.25,15.84,27.28,17.43
5/1/60,55.22,1.95,3.3,29.5,4.35,450.09,15.87,26.93,17.26
6/1/60,57.26,1.95,3.26,29.6,4.15,465.14,15.84,26.48,17.82
7/1/60,55.84,1.95,3.26,29.6,3.9,453.61,15.84,26.51,17.38
8/1/60,56.51,1.95,3.27,29.6,3.8,459.05,15.84,26.54,17.58
9/1/60,54.81,1.95,3.27,29.6,3.8,445.24,15.84,26.56,17.05
10/1/60,53.73,1.95,3.27,29.8,3.89,433.54,15.73,26.39,16.61
11/1/60,55.47,1.95,3.27,29.8,3.93,447.58,15.73,26.39,17.15
12/1/60,56.8,1.95,3.27,29.8,3.84,458.31,15.73,26.39,17.56
1/1/61,59.72,1.95,3.21,29.8,3.84,481.87,15.71,25.9,18.47
2/1/61,62.17,1.94,3.15,29.8,3.78,501.64,15.68,25.42,19.23
3/1/61,64.12,1.94,3.09,29.8,3.74,517.37,15.65,24.93,19.84
4/1/61,65.83,1.94,3.07,29.8,3.78,531.17,15.65,24.77,20.38
5/1/61,66.5,1.94,3.05,29.8,3.71,536.58,15.65,24.61,20.6
6/1/61,65.62,1.94,3.03,29.8,3.88,529.48,15.65,24.45,20.33
7/1/61,65.44,1.95,3.04,30,3.92,524.5,15.6,24.34,20.15
8/1/61,67.79,1.95,3.04,29.9,4.04,545.16,15.71,24.47,20.94
9/1/61,67.26,1.96,3.05,30,3.98,539.09,15.71,24.45,20.71
10/1/61,68,1.98,3.1,30,3.92,545.02,15.87,24.82,20.92
11/1/61,71.08,2,3.14,30,3.94,569.71,16.03,25.19,21.86
12/1/61,71.74,2.02,3.19,30,4.06,575,16.19,25.57,22.04
1/1/62,69.07,2.03,3.25,30,4.08,553.6,16.24,26.05,21.2
2/1/62,70.22,2.03,3.31,30.1,4.04,560.95,16.24,26.44,21.45
3/1/62,70.29,2.04,3.37,30.1,3.93,561.51,16.3,26.92,21.44
4/1/62,68.05,2.05,3.4,30.2,3.84,541.81,16.3,27.1,20.66
5/1/62,62.99,2.05,3.44,30.2,3.87,501.52,16.35,27.36,19.09
6/1/62,55.63,2.06,3.47,30.2,3.91,442.92,16.4,27.63,16.83
7/1/62,56.97,2.07,3.49,30.3,4.01,452.1,16.4,27.7,17.14
8/1/62,58.52,2.07,3.51,30.3,3.98,464.4,16.45,27.85,17.57
9/1/62,58,2.08,3.53,30.4,3.98,458.76,16.45,27.92,17.32
10/1/62,56.17,2.1,3.58,30.4,3.93,444.28,16.58,28.29,16.74
11/1/62,60.04,2.11,3.62,30.4,3.92,474.89,16.72,28.66,17.85
12/1/62,62.64,2.13,3.67,30.4,3.86,495.46,16.85,29.03,18.59
1/1/63,65.06,2.14,3.68,30.4,3.83,514.6,16.9,29.13,19.26
2/1/63,65.92,2.14,3.7,30.4,3.92,521.4,16.95,29.24,19.47
3/1/63,65.67,2.15,3.71,30.5,3.93,517.72,16.95,29.25,19.29
4/1/63,68.76,2.17,3.75,30.5,3.97,542.08,17.08,29.59,20.15
5/1/63,70.14,2.18,3.8,30.5,3.93,552.96,17.21,29.93,20.51
6/1/63,70.11,2.2,3.84,30.6,3.99,550.92,17.29,30.17,20.38
7/1/63,69.07,2.2,3.88,30.7,4.02,540.98,17.26,30.39,19.97
8/1/63,70.98,2.21,3.92,30.7,4,555.94,17.28,30.7,20.47
9/1/63,72.85,2.21,3.96,30.7,4.08,570.58,17.31,31.02,20.96
10/1/63,73.03,2.23,3.98,30.8,4.11,570.14,17.44,31.07,20.89
11/1/63,72.62,2.26,4,30.8,4.12,566.93,17.62,31.23,20.72
12/1/63,74.17,2.28,4.02,30.9,4.13,577.16,17.74,31.28,21.04
1/1/64,76.45,2.3,4.07,30.9,4.17,594.9,17.87,31.7,21.63
2/1/64,77.39,2.31,4.13,30.9,4.15,602.22,18,32.11,21.83
3/1/64,78.8,2.33,4.18,30.9,4.22,613.19,18.13,32.53,22.17
4/1/64,79.94,2.35,4.23,30.9,4.23,622.06,18.26,32.92,22.42
5/1/64,80.72,2.36,4.28,30.9,4.2,628.13,18.39,33.31,22.57
6/1/64,80.24,2.38,4.33,31,4.17,622.38,18.46,33.59,22.3
7/1/64,83.22,2.4,4.38,31.1,4.19,643.42,18.56,33.84,22.98
8/1/64,82,2.42,4.42,31,4.19,636.03,18.77,34.31,22.65
9/1/64,83.41,2.44,4.47,31.1,4.2,644.89,18.87,34.56,22.89
10/1/64,84.85,2.46,4.5,31.1,4.19,656.02,19.02,34.77,23.21
11/1/64,85.44,2.48,4.52,31.2,4.15,658.47,19.11,34.86,23.23
12/1/64,83.96,2.5,4.55,31.2,4.18,647.06,19.27,35.07,22.75
1/1/65,86.12,2.52,4.59,31.2,4.19,663.71,19.4,35.4,23.27
2/1/65,86.75,2.53,4.64,31.2,4.21,668.56,19.52,35.73,23.37
3/1/65,86.83,2.55,4.68,31.3,4.21,667.04,19.59,35.95,23.25
4/1/65,87.97,2.57,4.73,31.4,4.2,673.65,19.68,36.25,23.42
5/1/65,89.28,2.59,4.79,31.4,4.21,683.68,19.83,36.65,23.71
6/1/65,85.04,2.61,4.84,31.6,4.21,647.09,19.86,36.83,22.39
7/1/65,84.91,2.63,4.89,31.6,4.2,646.1,19.99,37.18,22.3
8/1/65,86.49,2.64,4.93,31.6,4.25,658.12,20.11,37.54,22.67
9/1/65,89.38,2.66,4.98,31.6,4.29,680.11,20.24,37.89,23.37
10/1/65,91.39,2.68,5.05,31.7,4.35,693.21,20.33,38.31,23.78
11/1/65,92.15,2.7,5.12,31.7,4.45,698.98,20.48,38.84,23.93
12/1/65,91.73,2.72,5.19,31.8,4.62,693.6,20.57,39.24,23.69
1/1/66,93.32,2.74,5.24,31.8,4.61,705.63,20.72,39.62,24.06
2/1/66,92.69,2.76,5.29,32,4.83,696.48,20.74,39.75,23.7
3/1/66,88.88,2.78,5.34,32.1,4.87,665.77,20.82,40,22.61
4/1/66,91.6,2.8,5.38,32.3,4.75,681.9,20.82,40.05,23.11
5/1/66,86.78,2.81,5.42,32.3,4.78,646.02,20.94,40.35,21.85
6/1/66,86.06,2.83,5.46,32.4,4.81,638.68,21,40.52,21.56
7/1/66,85.84,2.85,5.48,32.5,5.02,635.09,21.09,40.52,21.38
8/1/66,80.65,2.87,5.49,32.7,5.22,593.04,21.1,40.39,19.91
9/1/66,77.81,2.89,5.51,32.7,5.18,572.16,21.25,40.52,19.16
10/1/66,77.13,2.88,5.52,32.9,5.01,563.71,21.07,40.37,18.83
11/1/66,80.99,2.88,5.54,32.9,5.16,591.92,21.02,40.47,19.71
12/1/66,81.33,2.87,5.55,32.9,4.84,594.4,20.98,40.56,19.74
1/1/67,84.45,2.88,5.52,32.9,4.58,617.21,21.05,40.32,20.43
2/1/67,87.36,2.89,5.48,32.9,4.63,638.48,21.12,40.08,21.07
3/1/67,89.42,2.9,5.45,33,4.54,651.55,21.13,39.71,21.44
4/1/67,90.96,2.9,5.41,33.1,4.59,660.77,21.07,39.3,21.69
5/1/67,92.59,2.9,5.37,33.2,4.85,670.58,21,38.89,21.95
6/1/67,91.43,2.9,5.33,33.3,5.02,660.19,20.94,38.49,21.55
7/1/67,93.01,2.91,5.32,33.4,5.16,669.59,20.93,38.3,21.8
8/1/67,94.49,2.91,5.31,33.5,5.28,678.22,20.91,38.11,22.03
9/1/67,95.81,2.92,5.3,33.6,5.3,685.64,20.9,37.93,22.22
10/1/67,95.66,2.92,5.31,33.7,5.48,682.54,20.83,37.89,22.07
11/1/67,92.66,2.92,5.32,33.8,5.75,659.18,20.77,37.85,21.26
12/1/67,95.3,2.92,5.33,33.9,5.7,675.96,20.71,37.81,21.75
1/1/68,95.04,2.93,5.37,34.1,5.53,670.16,20.66,37.84,21.51
2/1/68,90.75,2.94,5.4,34.2,5.56,638.04,20.67,37.99,20.42
3/1/68,89.09,2.95,5.44,34.3,5.74,624.54,20.68,38.14,19.93
4/1/68,95.67,2.96,5.48,34.4,5.64,668.72,20.71,38.33,21.28
5/1/68,97.87,2.98,5.53,34.5,5.87,682.12,20.75,38.52,21.63
6/1/68,100.5,2.99,5.57,34.7,5.72,696.41,20.72,38.6,22.0
7/1/68,100.3,3,5.6,34.9,5.5,691.04,20.69,38.58,21.75
8/1/68,98.11,3.02,5.63,35,5.42,674.02,20.72,38.68,21.14
9/1/68,101.3,3.03,5.66,35.1,5.46,693.95,20.76,38.77,21.68
10/1/68,103.8,3.04,5.69,35.3,5.58,707.05,20.73,38.78,22.0
11/1/68,105.4,3.06,5.73,35.4,5.7,715.92,20.76,38.9,22.2
12/1/68,106.5,3.07,5.76,35.5,6.03,721.35,20.79,39.01,22.28
1/1/69,102,3.08,5.78,35.6,6.04,688.93,20.8,39.04,21.19
2/1/69,101.5,3.09,5.8,35.8,6.19,681.73,20.75,38.96,20.9
3/1/69,99.3,3.1,5.82,36.1,6.3,661.41,20.65,38.77,20.2
4/1/69,101.3,3.11,5.83,36.3,6.17,671.01,20.6,38.6,20.43
5/1/69,104.6,3.12,5.83,36.4,6.32,690.97,20.61,38.53,20.97
6/1/69,99.14,3.13,5.84,36.6,6.57,651.32,20.56,38.37,19.71
7/1/69,94.71,3.14,5.86,36.8,6.72,618.84,20.5,38.27,18.68
8/1/69,94.18,3.14,5.87,37,6.69,612.05,20.43,38.17,18.43
9/1/69,94.51,3.15,5.89,37.1,7.16,612.54,20.42,38.17,18.4
10/1/69,95.52,3.15,5.85,37.3,7.1,615.76,20.33,37.73,18.45
11/1/69,96.21,3.16,5.82,37.5,7.14,616.9,20.24,37.3,18.44
12/1/69,91.11,3.16,5.78,37.7,7.65,581.1,20.15,36.86,17.33
1/1/70,90.31,3.16,5.73,37.8,7.79,574.48,20.12,36.45,17.09
2/1/70,87.16,3.17,5.68,38,7.24,551.52,20.04,35.94,16.37
3/1/70,88.65,3.17,5.63,38.2,7.07,558.01,19.95,35.44,16.53
4/1/70,85.95,3.17,5.59,38.5,7.39,536.8,19.82,34.93,15.87
5/1/70,76.06,3.18,5.56,38.6,7.91,473.8,19.79,34.61,13.98
6/1/70,75.59,3.18,5.52,38.8,7.84,468.45,19.71,34.21,13.8
7/1/70,75.72,3.18,5.47,39,7.46,466.85,19.63,33.7,13.73
8/1/70,77.92,3.19,5.41,39,7.53,480.41,19.65,33.38,14.1
9/1/70,82.58,3.19,5.36,39.2,7.39,506.54,19.57,32.88,14.84
10/1/70,84.37,3.17,5.28,39.4,7.33,514.9,19.37,32.24,15.06
11/1/70,84.28,3.16,5.21,39.6,6.84,511.75,19.17,31.61,14.95
12/1/70,90.05,3.14,5.13,39.8,6.39,544.04,18.97,30.99,15.87
1/1/71,93.49,3.13,5.16,39.8,6.24,564.82,18.91,31.17,16.46
2/1/71,97.11,3.12,5.19,39.9,6.11,585.22,18.8,31.28,17.03
3/1/71,99.6,3.11,5.22,40,5.7,598.72,18.7,31.38,17.4
4/1/71,103,3.11,5.25,40.1,5.83,617.62,18.63,31.5,17.92
5/1/71,101.6,3.1,5.29,40.3,6.39,606.2,18.52,31.54,17.56
6/1/71,99.72,3.1,5.32,40.6,6.52,590.59,18.36,31.51,17.08
7/1/71,99,3.1,5.36,40.7,6.73,584.88,18.29,31.65,16.89
8/1/71,97.24,3.09,5.39,40.8,6.58,573.08,18.23,31.79,16.52
9/1/71,99.4,3.09,5.43,40.8,6.14,585.81,18.21,32,16.86
10/1/71,97.29,3.08,5.52,40.9,5.93,571.97,18.13,32.45,16.43
11/1/71,92.78,3.08,5.61,40.9,5.81,545.45,18.09,32.98,15.64
12/1/71,99.17,3.07,5.7,41.1,5.93,580.18,17.96,33.35,16.6
1/1/72,103.3,3.07,5.74,41.1,5.95,604.35,17.96,33.56,17.26
2/1/72,105.2,3.07,5.77,41.3,6.08,612.48,17.87,33.61,17.46
3/1/72,107.7,3.07,5.81,41.4,6.07,625.52,17.83,33.74,17.81
4/1/72,108.8,3.07,5.86,41.5,6.19,630.39,17.79,33.97,17.92
5/1/72,107.7,3.07,5.92,41.6,6.13,622.52,17.74,34.2,17.66
6/1/72,108,3.07,5.97,41.7,6.11,622.75,17.7,34.42,17.64
7/1/72,107.2,3.07,6.03,41.9,6.11,615.19,17.64,34.59,17.4
8/1/72,111,3.08,6.08,42,6.21,635.48,17.61,34.83,17.94
9/1/72,109.4,3.08,6.14,42.1,6.55,624.83,17.59,35.07,17.61
10/1/72,109.6,3.1,6.23,42.3,6.48,623.01,17.64,35.43,17.53
11/1/72,115.1,3.13,6.33,42.4,6.28,652.74,17.73,35.88,18.34
12/1/72,117.5,3.15,6.42,42.5,6.36,664.78,17.82,36.32,18.65
1/1/73,118.4,3.16,6.55,42.6,6.46,668.3,17.82,36.95,18.71
2/1/73,114.2,3.16,6.67,42.9,6.64,640.08,17.73,37.4,17.89
3/1/73,112.4,3.17,6.8,43.3,6.71,624.17,17.6,37.76,17.41
4/1/73,110.3,3.19,6.94,43.6,6.67,608.3,17.57,38.29,16.94
5/1/73,107.2,3.2,7.09,43.9,6.85,587.16,17.55,38.82,16.31
6/1/73,104.8,3.22,7.23,44.2,6.9,570.12,17.52,39.33,15.81
7/1/73,105.8,3.24,7.38,44.3,7.13,574.26,17.57,40.08,15.89
8/1/73,103.8,3.25,7.54,45.1,7.4,553.41,17.35,40.18,15.28
9/1/73,105.6,3.27,7.69,45.2,7.09,561.76,17.4,40.91,15.48
10/1/73,109.8,3.31,7.85,45.6,6.79,578.98,17.44,41.38,15.91
11/1/73,102,3.34,8,45.9,6.73,534.34,17.51,41.93,14.65
12/1/73,94.78,3.38,8.16,46.2,6.74,493.29,17.59,42.47,13.49
1/1/74,96.11,3.4,8.23,46.6,6.99,495.92,17.54,42.45,13.53
2/1/74,93.45,3.42,8.29,47.2,6.96,476.06,17.42,42.25,12.96
3/1/74,97.44,3.44,8.36,47.8,7.21,490.16,17.3,42.05,13.31
4/1/74,92.46,3.46,8.49,48,7.51,463.17,17.33,42.51,12.55
5/1/74,89.67,3.48,8.61,48.6,7.58,443.65,17.22,42.61,12.0
6/1/74,89.79,3.5,8.74,49,7.54,440.62,17.18,42.89,11.89
7/1/74,79.31,3.53,8.86,49.4,7.81,386.04,17.18,43.14,10.39
8/1/74,76.03,3.56,8.99,50,8.04,365.63,17.12,43.22,9.82
9/1/74,68.12,3.59,9.11,50.6,8.04,323.71,17.06,43.29,8.68
10/1/74,69.44,3.59,9.04,51.1,7.9,326.75,16.91,42.52,8.74
11/1/74,71.74,3.6,8.96,51.5,7.68,334.95,16.79,41.85,8.95
12/1/74,67.07,3.6,8.89,51.9,7.43,310.73,16.68,41.19,8.29
1/1/75,72.56,3.62,8.74,52.1,7.5,334.88,16.72,40.35,8.92
2/1/75,80.1,3.65,8.6,52.5,7.39,366.86,16.7,39.37,9.76
3/1/75,83.78,3.67,8.45,52.7,7.73,382.26,16.74,38.55,10.16
4/1/75,84.72,3.68,8.29,52.9,8.23,385.09,16.74,37.67,10.23
5/1/75,90.1,3.7,8.12,53.2,8.06,407.23,16.71,36.72,10.82
6/1/75,92.4,3.71,7.96,53.6,7.86,414.51,16.64,35.71,11.01
7/1/75,92.49,3.71,7.89,54.2,8.06,410.32,16.46,35.02,10.9
8/1/75,85.71,3.71,7.83,54.3,8.4,379.54,16.43,34.66,10.09
9/1/75,84.67,3.71,7.76,54.6,8.43,372.88,16.34,34.17,9.92
10/1/75,88.57,3.7,7.83,54.9,8.14,387.92,16.21,34.28,10.33
11/1/75,90.07,3.69,7.89,55.3,8.05,391.64,16.04,34.32,10.44
12/1/75,88.7,3.68,7.96,55.5,8,384.29,15.94,34.49,10.25
1/1/76,96.86,3.68,8.19,55.6,7.74,418.89,15.93,35.43,11.19
2/1/76,100.6,3.69,8.43,55.8,7.79,433.5,15.89,36.31,11.59
3/1/76,101.1,3.69,8.66,55.9,7.73,434.88,15.87,37.25,11.63
4/1/76,101.9,3.71,8.86,56.1,7.56,436.76,15.92,37.96,11.69
5/1/76,101.2,3.74,9.05,56.5,7.9,430.68,15.9,38.53,11.53
6/1/76,101.8,3.76,9.25,56.8,7.86,430.95,15.92,39.16,11.54
7/1/76,104.2,3.79,9.35,57.1,7.83,438.79,15.96,39.37,11.76
8/1/76,103.3,3.82,9.45,57.4,7.77,432.73,16,39.59,11.6
9/1/76,105.5,3.85,9.55,57.6,7.59,440.41,16.07,39.87,11.81
10/1/76,101.9,3.92,9.67,57.9,7.41,423.18,16.27,40.16,11.35
11/1/76,101.2,3.98,9.79,58,7.29,419.55,16.51,40.59,11.25
12/1/76,104.7,4.05,9.91,58.2,6.87,432.56,16.73,40.94,11.6
1/1/77,103.8,4.1,9.97,58.5,7.21,426.65,16.84,40.97,11.44
2/1/77,101,4.14,10.02,59.1,7.39,410.92,16.86,40.78,11.01
3/1/77,100.6,4.19,10.08,59.5,7.46,406.54,16.93,40.74,10.9
4/1/77,99.05,4.25,10.19,60,7.37,396.95,17.02,40.85,10.64
5/1/77,98.76,4.3,10.31,60.3,7.46,393.81,17.16,41.1,10.55
6/1/77,99.29,4.36,10.42,60.7,7.28,393.32,17.27,41.28,10.53
7/1/77,100.2,4.41,10.52,61,7.33,394.97,17.37,41.46,10.57
8/1/77,97.75,4.45,10.61,61.2,7.4,384.05,17.5,41.7,10.27
9/1/77,96.23,4.5,10.71,61.4,7.34,376.85,17.62,41.94,10.07
10/1/77,93.74,4.56,10.77,61.6,7.52,365.91,17.79,42.04,9.77
11/1/77,94.28,4.61,10.83,61.9,7.58,366.23,17.92,42.07,9.77
12/1/77,93.82,4.67,10.89,62.1,7.69,363.27,18.08,42.17,9.68
1/1/78,90.25,4.71,10.9,62.5,7.96,347.21,18.13,41.93,9.24
2/1/78,88.98,4.76,10.91,62.9,8.03,340.15,18.18,41.71,9.05
3/1/78,88.82,4.8,10.92,63.4,8.04,336.86,18.2,41.42,8.95
4/1/78,92.71,4.84,11.02,63.9,8.15,348.86,18.2,41.48,9.26
5/1/78,97.41,4.87,11.13,64.5,8.35,363.14,18.17,41.48,9.63
6/1/78,97.66,4.91,11.23,65.2,8.46,360.16,18.11,41.42,9.55
7/1/78,97.19,4.95,11.34,65.7,8.64,355.7,18.1,41.51,9.43
8/1/78,103.9,4.98,11.46,66,8.41,378.53,18.16,41.74,10.02
9/1/78,103.9,5.02,11.57,66.5,8.42,375.68,18.15,41.83,9.94
10/1/78,100.6,5.04,11.82,67.1,8.64,360.5,18.05,42.37,9.53
11/1/78,94.71,5.05,12.08,67.4,8.81,337.88,18.03,43.08,8.93
12/1/78,96.11,5.07,12.33,67.7,9.01,341.36,18.01,43.79,9.01
1/1/79,99.71,5.11,12.65,68.3,9.1,351.03,18,44.55,9.26
2/1/79,98.23,5.16,12.98,69.1,9.1,341.82,17.94,45.16,9.0
3/1/79,100.1,5.2,13.3,69.8,9.12,344.83,17.91,45.82,9.07
4/1/79,102.1,5.25,13.53,70.6,9.18,347.74,17.87,46.07,9.13
5/1/79,99.73,5.29,13.75,71.5,9.25,335.39,17.8,46.25,8.79
6/1/79,101.7,5.34,13.98,72.3,8.91,338.23,17.76,46.49,8.85
7/1/79,102.7,5.4,14.2,73.1,8.95,337.82,17.75,46.7,8.83
8/1/79,107.4,5.45,14.41,73.8,9.03,349.93,17.77,46.96,9.13
9/1/79,108.6,5.51,14.63,74.6,9.33,350.04,17.76,47.16,9.11
10/1/79,104.5,5.56,14.71,75.2,10.3,334.14,17.77,47.02,8.68
11/1/79,103.7,5.6,14.78,75.9,10.65,328.52,17.75,46.83,8.52
12/1/79,107.8,5.65,14.86,76.7,10.39,337.95,17.71,46.59,8.75
1/1/80,110.9,5.7,15,77.8,10.8,342.75,17.62,46.37,8.85
2/1/80,115.3,5.75,15.15,78.9,12.41,351.38,17.52,46.16,9.05
3/1/80,104.7,5.8,15.29,80.1,12.75,314.3,17.41,45.9,8.08
4/1/80,103,5.85,15.17,81,11.47,305.76,17.36,45.04,7.84
5/1/80,107.7,5.89,15.06,81.8,10.18,316.58,17.32,44.26,8.1
6/1/80,114.6,5.94,14.94,82.7,9.78,333.2,17.27,43.44,8.51
7/1/80,119.8,5.98,14.84,82.7,10.25,348.32,17.4,43.15,8.88
8/1/80,123.5,6.03,14.74,83.3,11.1,356.49,17.4,42.55,9.07
9/1/80,126.5,6.07,14.64,84,11.51,362.11,17.38,41.91,9.2
10/1/80,130.2,6.1,14.7,84.8,11.75,369.18,17.3,41.68,9.36
11/1/80,135.7,6.13,14.76,85.5,12.68,381.63,17.24,41.51,9.65
12/1/80,133.5,6.16,14.82,86.3,12.84,371.96,17.16,41.29,9.39
1/1/81,133,6.2,14.74,87,12.57,367.59,17.14,40.74,9.26
2/1/81,128.4,6.24,14.66,87.9,13.19,351.24,17.07,40.1,8.83
3/1/81,133.2,6.28,14.58,88.5,13.12,361.9,17.06,39.61,9.08
4/1/81,134.4,6.32,14.72,89.1,13.68,362.7,17.05,39.73,9.09
5/1/81,131.7,6.35,14.87,89.8,14.1,352.64,17.01,39.81,8.82
6/1/81,132.3,6.39,15.01,90.6,13.47,351.12,16.96,39.84,8.77
7/1/81,129.1,6.43,15.1,91.6,14.28,338.89,16.89,39.63,8.45
8/1/81,129.6,6.48,15.18,92.3,14.94,337.62,16.87,39.55,8.4
9/1/81,118.3,6.52,15.27,93.2,15.32,305.21,16.82,39.4,7.58
10/1/81,119.8,6.56,15.3,93.4,15.15,308.42,16.88,39.39,7.65
11/1/81,122.9,6.59,15.33,93.7,13.39,315.38,16.92,39.34,7.81
12/1/81,123.8,6.63,15.36,94,13.72,316.68,16.96,39.29,7.83
1/1/82,117.3,6.66,15.18,94.3,14.59,299.1,16.98,38.7,7.39
2/1/82,114.5,6.69,14.99,94.6,14.43,291.03,17,38.11,7.18
3/1/82,110.8,6.72,14.81,94.5,13.86,281.93,17.1,37.68,6.95
4/1/82,116.3,6.75,14.6,94.9,13.87,294.67,17.1,36.98,7.26
5/1/82,116.4,6.78,14.38,95.8,13.62,292.16,17.02,36.1,7.19
6/1/82,109.7,6.81,14.17,97,14.3,271.93,16.88,35.13,6.69
7/1/82,109.4,6.82,13.97,97.5,13.95,269.8,16.83,34.44,6.64
8/1/82,109.7,6.84,13.76,97.7,13.06,269.98,16.83,33.87,6.64
9/1/82,122.4,6.85,13.56,97.9,12.34,300.63,16.82,33.3,7.4
10/1/82,132.7,6.86,13.25,98.2,10.91,324.93,16.79,32.45,8.0
11/1/82,138.1,6.86,12.95,98,10.55,338.84,16.84,31.77,8.35
12/1/82,139.4,6.87,12.64,97.6,10.54,343.43,16.93,31.14,8.47
1/1/83,144.3,6.88,12.57,97.8,10.46,354.78,16.92,30.9,8.76
2/1/83,146.8,6.9,12.49,97.9,10.72,360.55,16.94,30.68,8.91
3/1/83,151.9,6.91,12.42,97.9,10.51,373.08,16.97,30.5,9.23
4/1/83,157.7,6.92,12.48,98.6,10.4,384.58,16.88,30.43,9.53
5/1/83,164.1,6.93,12.53,99.2,10.38,397.76,16.8,30.38,9.87
6/1/83,166.4,6.94,12.59,99.5,10.85,402.12,16.77,30.42,10.0
7/1/83,167,6.96,12.83,99.9,11.38,401.96,16.75,30.87,10.01
8/1/83,162.4,6.98,13.06,100.2,11.85,389.71,16.75,31.35,9.73
9/1/83,167.2,7,13.3,100.7,11.65,399.24,16.71,31.76,9.98
10/1/83,167.7,7.03,13.54,101,11.54,399.24,16.74,32.24,10.0
11/1/83,165.2,7.06,13.79,101.2,11.69,392.52,16.77,32.76,9.85
12/1/83,164.4,7.09,14.03,101.3,11.83,390.23,16.83,33.3,9.82
1/1/84,166.4,7.12,14.44,101.9,11.67,392.65,16.8,34.07,9.89
2/1/84,157.3,7.15,14.85,102.4,11.84,369.37,16.79,34.87,9.32
3/1/84,157.4,7.18,15.26,102.6,12.32,368.88,16.83,35.76,9.33
4/1/84,157.6,7.22,15.57,103.1,12.63,367.56,16.85,36.32,9.31
5/1/84,156.6,7.27,15.89,103.4,13.41,364.17,16.9,36.94,9.23
6/1/84,153.1,7.31,16.2,103.7,13.56,355,16.95,37.56,9.01
7/1/84,151.1,7.33,16.32,104.1,13.36,349.01,16.94,37.7,8.87
8/1/84,164.4,7.36,16.44,104.5,12.72,378.28,16.93,37.83,9.62
9/1/84,166.1,7.38,16.56,105,12.52,380.37,16.9,37.92,9.69
10/1/84,164.8,7.43,16.59,105.3,12.16,376.32,16.97,37.88,9.6
11/1/84,166.3,7.48,16.61,105.3,11.57,379.74,17.08,37.94,9.69
12/1/84,164.5,7.53,16.64,105.3,11.5,375.63,17.19,38,9.6
1/1/85,171.6,7.57,16.56,105.5,11.38,391.1,17.26,37.74,10.0
2/1/85,180.9,7.62,16.47,106,11.51,410.36,17.28,37.37,10.49
3/1/85,179.4,7.66,16.39,106.4,11.86,405.42,17.31,37.04,10.37
4/1/85,180.6,7.69,16.13,106.9,11.43,406.23,17.29,36.28,10.4
5/1/85,184.9,7.71,15.87,107.3,10.85,414.35,17.29,35.56,10.61
6/1/85,188.9,7.74,15.61,107.6,10.16,422.13,17.3,34.88,10.81
7/1/85,192.5,7.77,15.48,107.8,10.31,429.38,17.34,34.54,11.0
8/1/85,188.3,7.81,15.36,108,10.33,419.23,17.38,34.19,10.74
9/1/85,184.1,7.84,15.23,108.3,10.37,408.75,17.41,33.81,10.47
10/1/85,186.2,7.86,15.02,108.7,10.24,411.89,17.39,33.23,10.55
11/1/85,197.5,7.88,14.82,109,9.78,435.68,17.38,32.69,11.16
12/1/85,207.3,7.9,14.61,109.3,9.26,456.04,17.38,32.14,11.69
1/1/86,208.2,7.94,14.58,109.6,9.19,456.77,17.42,31.99,11.72
2/1/86,219.4,7.98,14.55,109.3,8.7,482.66,17.56,32.01,12.39
3/1/86,232.3,8.02,14.52,108.8,7.78,513.39,17.72,32.09,13.19
4/1/86,238,8.05,14.58,108.6,7.3,526.96,17.82,32.29,13.55
5/1/86,238.5,8.07,14.65,108.9,7.71,526.61,17.83,32.34,13.56
6/1/86,245.3,8.1,14.71,109.5,7.8,538.66,17.79,32.3,13.89
7/1/86,240.2,8.14,14.76,109.5,7.3,527.46,17.88,32.4,13.62
8/1/86,245,8.19,14.8,109.7,7.17,537.02,17.94,32.45,13.89
9/1/86,238.3,8.23,14.85,110.2,7.45,519.96,17.96,32.4,13.47
10/1/86,237.4,8.25,14.73,110.3,7.43,517.53,17.98,32.1,13.43
11/1/86,245.1,8.26,14.6,110.4,7.25,533.83,18,31.81,13.87
12/1/86,248.6,8.28,14.48,110.5,7.11,540.96,18.02,31.51,14.09
1/1/87,264.5,8.3,14.69,111.2,7.08,571.94,17.95,31.76,14.92
2/1/87,280.9,8.32,14.89,111.6,7.25,605.22,17.93,32.09,15.82
3/1/87,292.5,8.34,15.1,112.1,7.25,627.4,17.89,32.39,16.43
4/1/87,289.3,8.4,14.87,112.7,8.02,617.24,17.92,31.73,16.2
5/1/87,289.1,8.46,14.65,113.1,8.61,614.63,17.99,31.14,16.16
6/1/87,301.4,8.52,14.42,113.5,8.4,638.52,18.05,30.55,16.83
7/1/87,310.1,8.57,14.9,113.8,8.45,655.22,18.1,31.48,17.31
8/1/87,329.4,8.61,15.38,114.4,8.76,692.35,18.1,32.33,18.33
9/1/87,318.7,8.66,15.86,115,9.42,666.36,18.11,33.16,17.68
10/1/87,280.2,8.71,16.41,115.3,9.52,584.34,18.16,34.22,15.53
11/1/87,245,8.76,16.95,115.4,8.86,510.49,18.25,35.32,13.59
12/1/87,241,8.81,17.5,115.4,8.99,502.16,18.36,36.46,13.39
1/1/88,250.5,8.86,17.86,115.7,8.67,520.6,18.41,37.12,13.9
2/1/88,258.1,8.9,18.23,116,8.21,535,18.46,37.78,14.3
3/1/88,265.7,8.95,18.59,116.5,8.37,548.39,18.47,38.37,14.67
4/1/88,262.6,9.04,19.62,117.1,8.72,539.22,18.57,40.28,14.43
5/1/88,256.1,9.14,20.64,117.5,9.09,524.08,18.7,42.24,14.03
6/1/88,270.7,9.23,21.67,118,8.92,551.61,18.81,44.16,14.77
7/1/88,269.1,9.31,22.02,118.5,9.06,546.04,18.88,44.69,14.61
8/1/88,263.7,9.38,22.38,119,9.26,532.83,18.96,45.21,14.24
9/1/88,268,9.46,22.73,119.8,8.98,537.9,18.99,45.62,14.37
10/1/88,277.4,9.55,23.07,120.2,8.8,554.92,19.1,46.16,14.81
11/1/88,271,9.64,23.42,120.3,8.96,541.67,19.27,46.8,14.45
12/1/88,276.5,9.75,23.75,120.5,9.11,551.74,19.46,47.39,14.7
1/1/89,285.4,9.81,24.16,121.1,9.09,566.68,19.48,47.97,15.09
2/1/89,294,9.9,24.56,121.6,9.17,581.35,19.57,48.56,15.47
3/1/89,292.7,10.01,24.96,122.3,9.36,575.47,19.68,49.07,15.3
4/1/89,302.3,10.09,25.05,123.1,9.18,590.48,19.7,48.92,15.69
5/1/89,313.9,10.19,25.13,123.8,8.86,609.67,19.8,48.82,16.19
6/1/89,323.7,10.37,25.22,124.1,8.28,627.19,20.09,48.87,16.64
7/1/89,331.9,10.42,24.71,124.4,8.02,641.53,20.15,47.76,17.01
8/1/89,346.6,10.55,24.2,124.6,8.11,668.86,20.35,46.7,17.73
9/1/89,347.3,10.73,23.69,125,8.19,668.07,20.64,45.57,17.71
10/1/89,347.4,10.8,23.43,125.6,8.01,665.07,20.67,44.85,17.64
11/1/89,340.2,10.92,23.16,125.9,7.87,649.73,20.86,44.24,17.24
12/1/89,348.6,11.06,22.87,126.1,7.84,664.72,21.09,43.61,17.65
1/1/90,339.97,11.14,22.49,127.4,8.21,641.65,21.03,42.45,17.05
2/1/90,330.45,11.23,22.08,128,8.47,620.76,21.1,41.48,16.51
3/1/90,338.46,11.32,21.67,128.7,8.59,632.35,21.15,40.49,16.83
4/1/90,338.18,11.44,21.53,128.9,8.79,630.84,21.33,40.17,16.81
5/1/90,350.25,11.55,21.4,129.2,8.76,651.84,21.5,39.82,17.39
6/1/90,360.39,11.66,21.26,129.9,8.48,667.1,21.58,39.35,17.82
7/1/90,360.03,11.73,21.42,130.4,8.47,663.88,21.62,39.5,17.75
8/1/90,330.75,11.78,21.58,131.6,8.75,604.33,21.53,39.43,16.17
9/1/90,315.41,11.83,21.74,132.7,8.89,571.52,21.44,39.39,15.3
10/1/90,307.12,11.93,21.61,133.5,8.72,553.16,21.48,38.92,14.82
11/1/90,315.29,12.01,21.47,133.8,8.39,566.61,21.59,38.59,15.19
12/1/90,328.75,12.09,21.34,133.8,8.08,590.8,21.73,38.35,15.85
1/1/91,325.49,12.11,21.18,134.6,8.09,581.46,21.63,37.84,15.61
2/1/91,362.26,12.11,21.03,134.8,7.85,646.19,21.61,37.51,17.35
3/1/91,372.28,12.11,20.94,135,8.11,663.08,21.57,37.3,17.82
4/1/91,379.68,12.13,20.36,135.2,8.04,675.26,21.57,36.22,18.16
5/1/91,377.99,12.14,19.86,135.6,8.07,670.27,21.53,35.21,18.04
6/1/91,378.29,12.15,19.41,136,8.28,668.83,21.48,34.32,18.02
7/1/91,380.23,12.19,18.84,136.2,8.27,671.27,21.53,33.26,18.1
8/1/91,389.4,12.24,18.33,136.6,7.9,685.45,21.54,32.27,18.51
9/1/91,387.2,12.28,17.82,137.2,7.65,678.59,21.52,31.23,18.36
10/1/91,386.88,12.25,17.2,137.4,7.53,677.04,21.44,30.11,18.35
11/1/91,385.92,12.23,16.59,137.8,7.42,673.4,21.33,28.94,18.29
12/1/91,388.51,12.2,15.97,137.9,7.09,677.43,21.27,27.85,18.44
1/1/92,416.08,12.24,16.05,138.1,7.03,724.45,21.31,27.94,19.77
2/1/92,412.56,12.28,16.12,138.6,7.34,715.73,21.3,27.97,19.58
3/1/92,407.36,12.32,16.19,139.3,7.54,703.16,21.27,27.95,19.28
4/1/92,407.41,12.32,16.48,139.5,7.48,702.24,21.24,28.41,19.3
5/1/92,414.81,12.32,16.77,139.7,7.39,713.97,21.21,28.86,19.66
6/1/92,408.27,12.32,17.05,140.2,7.26,700.21,21.13,29.24,19.32
7/1/92,415.05,12.34,17.38,140.5,6.84,710.32,21.12,29.74,19.62
8/1/92,417.93,12.37,17.71,140.9,6.59,713.21,21.1,30.22,19.72
9/1/92,418.48,12.4,18.04,141.3,6.42,712.13,21.1,30.7,19.71
10/1/92,412.5,12.39,18.39,141.8,6.59,699.48,21,31.18,19.37
11/1/92,422.84,12.38,18.74,142,6.87,716,20.97,31.73,19.83
12/1/92,435.64,12.39,19.09,141.9,6.77,738.2,21,32.35,20.45
1/1/93,435.23,12.41,19.34,142.6,6.6,733.88,20.93,32.61,20.32
2/1/93,441.7,12.45,19.59,143.1,6.26,742.19,20.91,32.92,20.55
3/1/93,450.16,12.48,19.84,143.6,5.98,753.77,20.9,33.22,20.86
4/1/93,443.08,12.49,19.67,144,5.97,739.86,20.86,32.85,20.46
5/1/93,445.25,12.51,19.5,144.2,6.04,742.45,20.85,32.52,20.52
6/1/93,448.06,12.52,19.33,144.4,5.96,746.1,20.85,32.19,20.61
7/1/93,447.29,12.52,19.69,144.4,5.81,744.82,20.85,32.79,20.56
8/1/93,454.13,12.52,20.05,144.8,5.68,754.12,20.79,33.29,20.81
9/1/93,459.24,12.52,20.41,145.1,5.36,761.03,20.75,33.82,20.99
10/1/93,463.9,12.54,20.9,145.7,5.33,765.58,20.7,34.49,21.11
11/1/93,462.89,12.56,21.39,145.8,5.72,763.39,20.71,35.28,21.04
12/1/93,465.95,12.58,21.89,145.8,5.77,768.44,20.75,36.1,21.16
1/1/94,472.99,12.62,22.16,146.2,5.75,777.91,20.76,36.44,21.41
2/1/94,471.58,12.67,22.43,146.7,5.97,772.95,20.76,36.77,21.26
3/1/94,463.81,12.71,22.71,147.2,6.48,757.63,20.76,37.1,20.83
4/1/94,447.23,12.75,23.54,147.4,6.97,729.56,20.8,38.4,20.06
5/1/94,450.9,12.8,24.37,147.5,7.18,735.05,20.86,39.73,20.2
6/1/94,454.83,12.84,25.2,148,7.1,738.95,20.86,40.94,20.29
7/1/94,451.4,12.87,25.91,148.4,7.3,731.4,20.85,41.98,20.07
8/1/94,464.24,12.9,26.62,149,7.24,749.18,20.82,42.96,20.54
9/1/94,466.96,12.92,27.33,149.4,7.46,751.55,20.79,43.99,20.58
10/1/94,463.81,13.01,28.42,149.5,7.74,745.98,20.93,45.71,20.4
11/1/94,461.01,13.1,29.51,149.7,7.96,740.48,21.04,47.4,20.21
12/1/94,455.19,13.17,30.6,149.7,7.81,731.14,21.15,49.15,19.91
1/1/95,465.25,13.18,31.25,150.3,7.78,744.31,21.09,49.99,20.22
2/1/95,481.92,13.18,31.9,150.9,7.47,767.92,21,50.83,20.8
3/1/95,493.15,13.17,32.55,151.4,7.2,783.21,20.92,51.7,21.15
4/1/95,507.91,13.24,33.18,151.9,7.06,804,20.96,52.52,21.64
5/1/95,523.81,13.31,33.8,152.2,6.63,827.54,21.02,53.4,22.2
6/1/95,539.35,13.36,34.43,152.5,6.17,850.41,21.07,54.29,22.72
7/1/95,557.37,13.44,34.68,152.5,6.28,878.82,21.19,54.68,23.38
8/1/95,559.11,13.51,34.93,152.9,6.49,879.26,21.25,54.93,23.28
9/1/95,578.77,13.58,35.18,153.2,6.2,908.4,21.31,55.22,23.95
10/1/95,582.92,13.65,34.77,153.7,6.04,911.93,21.35,54.4,23.93
11/1/95,595.53,13.72,34.37,153.6,5.93,932.27,21.48,53.8,24.35
12/1/95,614.57,13.79,33.96,153.5,5.71,962.7,21.6,53.2,25.03
1/1/96,614.42,13.89,33.99,154.4,5.65,956.85,21.64,52.93,24.76
2/1/96,649.54,14,34.01,154.9,5.81,1008.28,21.73,52.8,25.98
3/1/96,647.07,14.1,34.04,155.7,6.27,999.29,21.77,52.57,25.63
4/1/96,647.17,14.16,34.33,156.3,6.51,995.6,21.78,52.81,25.42
5/1/96,661.23,14.21,34.62,156.6,6.74,1015.29,21.82,53.16,25.81
6/1/96,668.5,14.27,34.91,156.7,6.91,1025.79,21.9,53.57,25.97
7/1/96,644.07,14.4,35.27,157,6.87,986.42,22.05,54.02,24.86
8/1/96,662.68,14.53,35.64,157.3,6.64,1012.98,22.21,54.47,25.41
9/1/96,674.88,14.66,36,157.8,6.83,1028.36,22.34,54.86,25.68
10/1/96,701.46,14.74,36.91,158.3,6.53,1065.49,22.39,56.06,26.48
11/1/96,735.67,14.82,37.82,158.6,6.2,1115.34,22.47,57.34,27.59
12/1/96,743.25,14.9,38.73,158.6,6.3,1126.83,22.59,58.72,27.72
1/1/97,766.22,14.95,39.23,159.1,6.58,1158.01,22.6,59.29,28.33
2/1/97,798.39,15.01,39.74,159.6,6.42,1202.85,22.61,59.87,29.27
3/1/97,792.16,15.06,40.24,160,6.69,1190.48,22.63,60.47,28.8
4/1/97,763.93,15.09,40.34,160.2,6.89,1146.62,22.65,60.55,27.59
5/1/97,833.09,15.13,40.45,160.1,6.71,1251.2,22.72,60.75,29.93
6/1/97,876.29,15.16,40.55,160.3,6.49,1314.44,22.74,60.83,31.26
7/1/97,925.29,15.22,40.58,160.5,6.22,1386.21,22.8,60.79,32.77
8/1/97,927.24,15.27,40.61,160.8,6.3,1386.54,22.84,60.73,32.59
9/1/97,937.02,15.33,40.64,161.2,6.21,1397.69,22.87,60.62,32.67
10/1/97,951.16,15.39,40.33,161.6,6.03,1415.27,22.89,60.01,32.9
11/1/97,938.92,15.44,40.03,161.5,5.88,1397.92,22.99,59.59,32.34
12/1/97,962.37,15.5,39.72,161.3,5.81,1434.61,23.11,59.21,33.03
1/1/98,963.36,15.55,39.66,161.6,5.54,1433.42,23.14,59.01,32.86
2/1/98,1023.74,15.6,39.6,161.9,5.57,1520.44,23.17,58.81,34.71
3/1/98,1076.83,15.64,39.54,162.2,5.65,1596.33,23.19,58.62,36.3
4/1/98,1112.2,15.75,39.35,162.5,5.64,1645.72,23.31,58.23,37.28
5/1/98,1108.42,15.85,39.16,162.8,5.65,1637.11,23.41,57.84,36.96
6/1/98,1108.39,15.95,38.97,163,5.5,1635.06,23.53,57.49,36.8
7/1/98,1156.58,16.02,38.68,163.2,5.46,1704.05,23.6,56.98,38.26
8/1/98,1074.62,16.08,38.38,163.4,5.34,1581.36,23.67,56.48,35.42
9/1/98,1020.64,16.14,38.09,163.6,4.81,1500.09,23.72,55.98,33.53
10/1/98,1032.47,16.17,37.96,164,4.53,1513.77,23.7,55.66,33.77
11/1/98,1144.43,16.18,37.84,164,4.83,1677.93,23.73,55.47,37.37
12/1/98,1190.05,16.2,37.71,163.9,4.65,1745.88,23.77,55.32,38.82
1/1/99,1248.77,16.28,37.93,164.3,4.72,1827.56,23.83,55.52,40.58
2/1/99,1246.58,16.37,38.16,164.5,5,1822.14,23.92,55.77,40.4
3/1/99,1281.66,16.45,38.38,165,5.23,1867.74,23.97,55.93,41.36
4/1/99,1334.76,16.45,39.26,166.2,5.18,1931.08,23.8,56.8,42.7
5/1/99,1332.07,16.45,40.14,166.2,5.54,1927.19,23.8,58.07,42.56
6/1/99,1322.55,16.45,41.02,166.2,5.9,1913.41,23.8,59.35,42.18
7/1/99,1380.99,16.51,42,166.7,5.79,1991.97,23.82,60.58,43.83
8/1/99,1327.49,16.58,42.98,167.1,5.94,1910.22,23.85,61.85,41.93
9/1/99,1318.17,16.64,43.96,167.9,5.92,1887.77,23.83,62.96,41.32
10/1/99,1300.01,16.66,45.36,168.2,6.11,1858.44,23.81,64.85,40.55
11/1/99,1391,16.67,46.77,168.3,6.03,1987.33,23.82,66.82,43.21
12/1/99,1428.68,16.69,48.17,168.3,6.28,2041.17,23.85,68.82,44.2
1/1/00,1425.59,16.71,49.1,168.8,6.66,2030.72,23.81,69.94,43.77
2/1/00,1388.87,16.74,50.02,169.8,6.52,1966.76,23.7,70.84,42.19
3/1/00,1442.21,16.76,50.95,171.2,6.26,2025.59,23.54,71.56,43.22
4/1/00,1461.36,16.74,51.27,171.3,5.99,2051.29,23.5,71.97,43.53
5/1/00,1418.48,16.72,51.6,171.5,6.44,1988.78,23.44,72.34,41.97
6/1/00,1461.96,16.7,51.92,172.4,6.1,2039.04,23.29,72.41,42.78
7/1/00,1473,16.58,52.51,172.8,6.05,2049.68,23.08,73.07,42.76
8/1/00,1485.46,16.47,53.11,172.8,5.83,2067.02,22.91,73.9,42.87
9/1/00,1468.05,16.35,53.7,173.7,5.8,2032.21,22.63,74.34,41.9
10/1/00,1390.14,16.32,52.47,174,5.74,1921.04,22.56,72.5,39.37
11/1/00,1378.04,16.3,51.23,174.1,5.72,1903.23,22.51,70.76,38.78
12/1/00,1330.93,16.27,50,174,5.24,1839.22,22.48,69.1,37.27
1/1/01,1335.63,16.17,48.48,175.1,5.16,1834.12,22.21,66.57,36.98
2/1/01,1305.75,16.07,46.96,175.8,5.1,1785.95,21.98,64.23,35.83
3/1/01,1185.85,15.97,45.44,176.2,4.89,1618.27,21.79,62.01,32.33
4/1/01,1189.84,15.88,42.56,176.9,5.14,1617.29,21.58,57.85,32.17
5/1/01,1270.37,15.78,39.67,177.7,5.39,1718.98,21.36,53.68,34.07
6/1/01,1238.71,15.69,36.79,178,5.28,1673.31,21.19,49.7,33.07
7/1/01,1204.45,15.71,33.96,177.5,5.24,1631.62,21.28,46.01,32.16
8/1/01,1178.5,15.72,31.14,177.5,4.97,1596.46,21.3,42.18,31.4
9/1/01,1044.64,15.74,28.31,178.3,4.73,1408.78,21.23,38.18,27.67
10/1/01,1076.59,15.74,27.1,177.7,4.57,1456.77,21.3,36.67,28.58
11/1/01,1129.68,15.74,25.9,177.4,4.65,1531.19,21.33,35.1,30.01
12/1/01,1144.93,15.74,24.69,176.7,5.09,1558.01,21.42,33.6,30.5
1/1/02,1140.21,15.74,24.69,177.1,5.04,1548.08,21.37,33.53,30.28
2/1/02,1100.67,15.73,24.7,177.8,4.91,1488.51,21.28,33.4,29.09
3/1/02,1153.79,15.73,24.7,178.8,5.28,1551.62,21.15,33.22,30.29
4/1/02,1111.93,15.83,25.38,179.8,5.21,1487.01,21.17,33.94,29.01
5/1/02,1079.25,15.94,26.06,179.8,5.16,1443.31,21.31,34.85,28.13
6/1/02,1014.02,16.04,26.74,179.9,4.93,1355.32,21.44,35.74,26.39
7/1/02,903.59,15.96,27.84,180.1,4.65,1206.38,21.31,37.17,23.46
8/1/02,912.55,15.88,28.94,180.7,4.26,1214.3,21.13,38.51,23.59
9/1/02,867.81,15.8,30.04,181,3.87,1152.85,20.99,39.91,22.37
10/1/02,854.63,15.89,29.22,181.3,3.94,1133.46,21.07,38.76,21.96
11/1/02,909.93,15.98,28.41,181.3,4.05,1206.81,21.19,37.67,23.35
12/1/02,899.18,16.07,27.59,180.9,4.03,1195.19,21.36,36.67,23.1
1/1/03,895.84,16.12,28.5,181.7,4.05,1185.5,21.33,37.72,22.9
2/1/03,837.03,16.17,29.41,183.1,3.9,1099.21,21.23,38.62,21.21
3/1/03,846.63,16.22,30.32,184.2,3.81,1105.18,21.17,39.58,21.31
4/1/03,890.03,16.2,31.73,183.8,3.96,1164.36,21.2,41.51,22.43
5/1/03,935.96,16.19,33.14,183.5,3.57,1226.45,21.21,43.43,23.59
6/1/03,988,16.17,34.55,183.7,3.33,1293.23,21.17,45.22,24.83
7/1/03,992.54,16.31,35.89,183.9,3.98,1297.76,21.33,46.93,24.87
8/1/03,989.53,16.45,37.24,184.6,4.45,1288.92,21.43,48.5,24.64
9/1/03,1019.44,16.59,38.58,185.2,4.27,1323.57,21.54,50.09,25.24
10/1/03,1038.73,16.86,41.97,185,4.29,1350.08,21.91,54.55,25.68
11/1/03,1049.9,17.12,45.35,184.5,4.3,1368.29,22.32,59.11,25.95
12/1/03,1080.64,17.39,48.74,184.3,4.27,1409.88,22.69,63.59,26.64
1/1/04,1132.52,17.6,49.83,185.2,4.15,1470.39,22.85,64.69,27.66
2/1/04,1143.36,17.81,50.91,186.2,4.08,1476.49,23,65.75,27.65
3/1/04,1123.98,18.02,52,187.4,3.83,1442.17,23.12,66.72,26.89
4/1/04,1133.36,18.21,53.38,188,4.35,1449.56,23.29,68.28,26.9
5/1/04,1102.78,18.41,54.77,189.1,4.72,1402.25,23.41,69.64,25.9
6/1/04,1132.76,18.6,56.15,189.7,4.73,1435.81,23.58,71.17,26.4
7/1/04,1105.85,18.79,56.69,189.4,4.5,1403.92,23.85,71.97,25.7
8/1/04,1088.94,18.97,57.23,189.5,4.28,1381.73,24.07,72.62,25.17
9/1/04,1117.66,19.16,57.77,189.9,4.13,1415.18,24.26,73.15,25.67
10/1/04,1117.21,19.25,58.03,190.9,4.1,1407.2,24.25,73.09,25.41
11/1/04,1168.94,19.35,58.29,191,4.19,1471.59,24.36,73.38,26.47
12/1/04,1199.21,19.44,58.55,190.3,4.23,1515.25,24.56,73.98,27.14
1/1/05,1181.41,19.7,59.11,190.7,4.22,1489.63,24.84,74.53,26.59
2/1/05,1199.63,19.97,59.66,191.8,4.17,1503.93,25.03,74.8,26.74
3/1/05,1194.9,20.23,60.22,193.3,4.5,1486.37,25.16,74.91,26.34
4/1/05,1164.43,20.46,61.23,194.6,4.34,1438.79,25.28,75.66,25.41
5/1/05,1178.28,20.7,62.25,194.4,4.14,1457.4,25.6,76.99,25.65
6/1/05,1202.25,20.93,63.26,194.5,4,1486.29,25.87,78.21,26.07
7/1/05,1222.24,21.11,64.33,195.4,4.18,1504.04,25.98,79.16,26.29
8/1/05,1224.27,21.29,65.4,196.4,4.26,1498.87,26.07,80.07,26.1
9/1/05,1225.92,21.47,66.47,198.8,4.2,1482.77,25.97,80.4,25.73
10/1/05,1191.96,21.72,67.59,199.2,4.46,1438.8,26.22,81.59,24.88
11/1/05,1237.37,21.97,68.71,197.6,4.54,1505.71,26.73,83.61,25.93
12/1/05,1262.07,22.22,69.83,196.8,4.47,1542.01,27.15,85.32,26.44
1/1/06,1278.73,22.41,70.78,198.3,4.42,1550.54,27.17,85.82,26.47
2/1/06,1276.65,22.59,71.72,198.7,4.57,1544.9,27.34,86.79,26.25
3/1/06,1293.74,22.78,72.67,199.8,4.72,1556.97,27.41,87.46,26.33
4/1/06,1302.17,23,73.28,201.5,4.99,1553.89,27.45,87.44,26.15
5/1/06,1290.01,23.22,73.88,202.5,5.11,1531.78,27.57,87.73,25.65
6/1/06,1253.17,23.44,74.49,202.9,5.11,1485.1,27.78,88.28,24.75
7/1/06,1260.24,23.66,75.85,203.5,5.09,1489.07,27.96,89.62,24.7
8/1/06,1287.15,23.88,77.21,203.9,4.88,1517.89,28.16,91.05,25.05
9/1/06,1317.74,24.1,78.57,202.9,4.72,1561.62,28.56,93.11,25.64
10/1/06,1363.38,24.36,79.55,201.8,4.73,1624.51,29.03,94.79,26.54
11/1/06,1388.64,24.62,80.53,201.5,4.6,1657.07,29.38,96.1,26.93
12/1/06,1416.42,24.88,81.51,201.8,4.56,1687.71,29.65,97.12,27.28
1/1/07,1424.16,25.08,82.06,202.42,4.76,1691.77,29.8,97.48,27.21
2/1/07,1444.8,25.29,82.6,203.5,4.72,1707.15,29.88,97.6,27.32
3/1/07,1406.95,25.49,83.15,205.35,4.56,1647.43,29.85,97.36,26.23
4/1/07,1463.64,25.72,83.74,206.69,4.69,1702.75,29.92,97.42,26.98
5/1/07,1511.14,25.94,84.33,207.95,4.75,1747.33,30,97.51,27.55
6/1/07,1514.19,26.17,84.92,208.35,5.1,1747.47,30.2,98,27.42
7/1/07,1520.71,26.44,82.81,208.3,5,1755.44,30.52,95.6,27.41
8/1/07,1454.62,26.71,80.71,207.92,4.67,1682.24,30.89,93.34,26.15
9/1/07,1497.12,26.98,78.6,208.49,4.52,1726.63,31.12,90.65,26.73
10/1/07,1539.66,27.23,74.46,208.94,4.53,1771.9,31.34,85.69,27.32
11/1/07,1463.39,27.48,70.32,210.18,4.15,1674.18,31.44,80.45,25.73
12/1/07,1479.22,27.73,66.18,210.04,4.1,1693.43,31.75,75.76,25.96
1/1/08,1378.76,27.92,64.25,211.08,3.74,1570.61,31.81,73.19,24.02
2/1/08,1354.87,28.11,62.32,211.69,3.74,1538.93,31.93,70.79,23.5
3/1/08,1316.94,28.3,60.39,213.53,3.51,1482.99,31.87,68,22.61
4/1/08,1370.47,28.44,57.38,214.82,3.68,1533.97,31.83,64.23,23.36
5/1/08,1403.22,28.57,54.38,216.63,3.88,1557.51,31.72,60.36,23.7
6/1/08,1341.25,28.71,51.37,218.81,4.1,1473.87,31.55,56.45,22.42
7/1/08,1257.33,28.76,49.56,219.96,4.01,1374.44,31.44,54.18,20.91
8/1/08,1281.47,28.8,47.76,219.09,3.89,1406.44,31.61,52.41,21.4
9/1/08,1216.95,28.85,45.95,218.78,3.69,1337.48,31.71,50.5,20.36
10/1/08,968.8,28.7,35.59,216.57,3.81,1075.62,31.86,39.52,16.39
11/1/08,883.04,28.54,25.24,212.43,3.53,999.54,32.31,28.57,15.26
12/1/08,877.56,28.39,14.88,210.23,2.42,1003.72,32.47,17.02,15.38
1/1/09,865.58,28.01,12.21,211.14,2.52,985.73,31.9,13.9,15.17
2/1/09,805.23,27.64,9.53,212.19,2.87,912.47,31.32,10.8,14.12
3/1/09,757.13,27.26,6.86,212.71,2.82,855.88,30.82,7.75,13.32
4/1/09,848.15,26.7,7.08,213.24,2.93,956.38,30.11,7.98,14.98
5/1/09,902.41,26.15,7.29,213.86,3.29,1014.64,29.4,8.2,16.0
6/1/09,926.12,25.59,7.51,215.69,3.72,1032.43,28.53,8.37,16.38
7/1/09,935.82,25.03,9.19,215.35,3.56,1044.9,27.94,10.26,16.69
8/1/09,1009.73,24.46,10.86,215.83,3.59,1124.9,27.25,12.1,18.09
9/1/09,1044.55,23.9,12.54,215.97,3.4,1162.96,26.61,13.96,18.83
10/1/09,1067.66,23.4,25.35,216.18,3.39,1187.55,26.03,28.2,19.36
11/1/09,1088.07,22.91,38.16,216.33,3.4,1209.39,25.46,42.41,19.81
12/1/09,1110.38,22.41,50.97,215.95,3.59,1236.37,24.95,56.75,20.32
1/1/10,1123.58,22.24,54.29,216.69,3.73,1246.81,24.68,60.24,20.53
2/1/10,1089.16,22.07,57.61,216.74,3.69,1208.31,24.48,63.91,19.92
3/1/10,1152.05,21.9,60.93,217.63,3.73,1272.85,24.2,67.32,21.0
4/1/10,1197.32,21.95,62.99,218.01,3.85,1320.58,24.21,69.47,21.8
5/1/10,1125.06,21.99,65.04,218.18,3.42,1239.92,24.24,71.68,20.48
6/1/10,1083.36,22.04,67.1,217.97,3.2,1195.13,24.31,74.02,19.74
7/1/10,1079.8,22.14,68.69,218.01,3.01,1190.95,24.42,75.76,19.67
8/1/10,1087.28,22.25,70.27,218.31,2.7,1197.54,24.5,77.4,19.77
9/1/10,1122.08,22.35,71.86,218.44,2.65,1235.15,24.6,79.1,20.38
10/1/10,1171.58,22.48,73.69,218.71,2.54,1288.04,24.71,81.01,21.24
11/1/10,1198.89,22.6,75.52,218.8,2.76,1317.51,24.84,82.99,21.7
12/1/10,1241.53,22.73,77.35,219.18,3.29,1362.03,24.94,84.86,22.4
1/1/11,1282.62,22.96,78.67,220.22,3.39,1400.43,25.07,85.9,22.98
2/1/11,1321.12,23.2,79.99,221.31,3.58,1435.39,25.2,86.91,23.49
3/1/11,1304.49,23.43,81.31,223.47,3.41,1403.64,25.21,87.49,22.9
4/1/11,1331.51,23.73,82.16,224.91,3.46,1423.54,25.37,87.84,23.14
5/1/11,1338.31,24.04,83.02,225.96,3.17,1424.11,25.58,88.34,23.06
6/1/11,1287.29,24.34,83.87,225.72,3,1371.29,25.93,89.34,22.1
7/1/11,1325.19,24.62,84.91,225.92,3,1410.42,26.2,90.37,22.61
8/1/11,1185.31,24.9,85.94,226.54,2.3,1258.07,26.43,91.22,20.05
9/1/11,1173.88,25.18,86.98,226.89,1.98,1244.05,26.69,92.18,19.7
10/1/11,1207.22,25.6,86.97,226.42,2.15,1282.03,27.18,92.36,20.16
11/1/11,1226.42,26.01,86.96,226.23,2.01,1303.52,27.65,92.43,20.35
12/1/11,1243.32,26.43,86.95,225.67,1.98,1324.75,28.16,92.64,20.52
1/1/12,1300.58,26.74,87.48,226.66,1.97,1379.69,28.36,92.8,21.21
2/1/12,1352.49,27.04,88.01,227.66,1.97,1428.46,28.56,92.95,21.8
3/1/12,1389.24,27.35,88.54,229.39,2.17,1456.22,28.67,92.81,22.05
4/1/12,1386.43,27.67,88.33,230.09,2.05,1448.9,28.92,92.31,21.78
5/1/12,1341.27,28,88.13,229.81,1.8,1403.35,29.29,92.21,20.94
6/1/12,1323.48,28.32,87.92,229.48,1.62,1386.77,29.67,92.12,20.55
7/1/12,1359.78,28.74,87.45,229.1,1.53,1427.13,30.17,91.78,21.0
8/1/12,1403.45,29.17,86.97,230.38,1.68,1464.81,30.44,90.78,21.41
9/1/12,1443.42,29.59,86.5,231.41,1.72,1499.84,30.75,89.88,21.78
10/1/12,1437.82,30.14,86.5,231.32,1.75,1494.6,31.33,89.92,21.58
11/1/12,1394.51,30.7,86.51,230.22,1.65,1456.48,32.06,90.35,20.9
12/1/12,1422.29,31.25,86.51,229.6,1.72,1489.5,32.73,90.6,21.24
1/1/13,1480.4,31.54,86.91,230.28,1.91,1545.79,32.93,90.75,21.9
2/1/13,1512.31,31.82,87.3,232.17,1.98,1566.28,32.96,90.42,22.05
3/1/13,1550.83,32.11,87.7,232.77,1.96,1601.99,33.17,90.59,22.42
4/1/13,1570.7,32.5,88.78,232.53,1.76,1624.2,33.6,91.81,22.6
5/1/13,1639.84,32.88,89.87,232.94,1.93,1692.68,33.94,92.76,23.41
6/1/13,1618.77,33.27,90.95,233.5,2.3,1666.93,34.26,93.66,22.93
7/1/13,1668.68,33.65,92.09,233.6,2.58,1717.65,34.63,94.79,23.49
8/1/13,1670.09,34.02,93.23,233.88,2.74,1717.04,34.98,95.85,23.36
9/1/13,1687.17,34.4,94.37,234.15,2.81,1732.58,35.33,96.91,23.44
10/1/13,1720.03,34.6,96.31,233.55,2.62,1770.89,35.62,99.16,23.83
11/1/13,1783.54,34.79,98.26,233.07,2.72,1840.03,35.9,101.37,24.64
12/1/13,1807.78,34.99,100.2,233.05,2.9,1865.2,36.1,103.38,24.86
1/1/14,1822.36,35.4,100.42,233.92,2.86,1873.28,36.39,103.22,24.86
2/1/14,1817.04,35.82,100.63,234.78,2.71,1860.93,36.68,103.06,24.59
3/1/14,1863.52,36.23,100.85,236.29,2.72,1896.32,36.87,102.62,24.96
4/1/14,1864.26,36.61,101.61,237.07,2.71,1890.84,37.14,103.06,24.79
5/1/14,1889.77,37,102.36,237.9,2.56,1910.04,37.39,103.46,24.94
6/1/14,1947.09,37.38,103.12,238.34,2.6,1964.31,37.71,104.03,25.56
7/1/14,1973.1,37.75,104.07,238.25,2.54,1991.33,38.1,105.03,25.82
8/1/14,1961.53,38.12,105.01,237.85,2.42,1982.97,38.54,106.16,25.62
9/1/14,1993.23,38.49,105.96,238.03,2.53,2013.5,38.88,107.04,25.92
10/1/14,1937.27,38.81,104.74,237.43,2.3,1961.9,39.3,106.07,25.16
11/1/14,2044.57,39.12,103.53,236.15,2.33,2081.8,39.84,105.41,26.61
12/1/14,2054.27,39.44,102.31,234.81,2.21,2103.61,40.39,104.77,26.79
1/1/15,2028.18,39.9,101.29,233.71,1.88,2086.71,41.05,104.21,26.49
2/1/15,2082.2,40.35,100.27,234.72,1.98,2133.03,41.34,102.72,27.0
3/1/15,2079.99,40.81,99.25,236.12,2.04,2118.16,41.56,101.07,26.73
4/1/15,2094.86,41.12,97.8,236.6,1.94,2128.97,41.79,99.4,26.79
5/1/15,2111.94,41.43,96.36,237.81,2.2,2135.44,41.89,97.43,26.81
6/1/15,2099.29,41.74,94.91,238.64,2.36,2115.24,42.06,95.63,26.5
7/1/15,2094.14,42,93.49,238.65,2.32,2109.91,42.31,94.2,26.38
8/1/15,2039.87,42.25,92.08,238.32,2.17,2058.15,42.63,92.9,25.69
9/1/15,1944.41,42.51,90.66,237.94,2.17,1964.89,42.96,91.62,24.5
10/1/15,2024.81,42.8,89.28,237.84,2.07,2047.06,43.27,90.26,25.49
11/1/15,2080.62,43.1,87.91,237.34,2.26,2107.93,43.66,89.06,26.23
12/1/15,2054.08,43.39,86.53,236.53,2.24,2088.18,44.11,87.97,25.97
1/1/16,1918.6,43.55,86.5,236.92,2.09,1947.23,44.2,87.79,24.21
2/1/16,1904.42,43.72,86.47,237.11,1.78,1931.25,44.33,87.69,24.0
3/1/16,2021.95,43.88,86.44,238.13,1.89,2041.64,44.31,87.28,25.37
4/1/16,2075.54,44.07,,239.26,1.81,2085.87,44.29,,25.92
5/1/16,2065.55,44.27,,240.24,1.81,2067.4,44.31,,25.71
6/1/16,2083.89,44.46,,241.04,1.64,2078.82,44.35,,25.87
7/1/16,2148.9,,,240.65,1.5,2147.15,,,26.75
8/1/16,2187.02,,,240.45,1.57,2187.02,,,27.27